mediaID,type,name,description,subject,category,collection,mode,section,year,round,matchNumber,filename,url,thumbUrl,sha256,width,height,sizeKB,knowledge,competition_matchNumber,competition_round,competition_section,competition_year,durationSeconds,github_baseRemotePath,github_fullRelativePath,github_fullUrl,github_localRelativePath,github_localThumbnailRelativePath,github_relativePath,github_thumbnailRelativePath,github_thumbnailUrl,github_url,id,media_type,originalName,source_app,source_capturedAt,source_sourceID,source_sourceJson,source_videoTimestamp
sport-footballers-bukayo-saka,image,Bukayo Saka,English Footballer for Arsenal,Sports,Football-World-Current-Player,Footballers,training,,,,,bukayo-saka.webp,https://media.learnwithcole.com/library/images/sport/footballers/full/bukayo-saka.webp,https://media.learnwithcole.com/library/images/sport/footballers/thumbs/bukayo-saka.webp,74dfe04ff08b89624c853d0b13c8fea9e520e66f6bfd966a2bca5f979d227e24,300,390,15.59,-1,,,,,,library/images/sport/footballers,library/images/sport/footballers/full/bukayo-saka.webp,https://media.learnwithcole.com/library/images/sport/footballers/full/bukayo-saka.webp,../github-ready/library/images/sport/footballers/full/bukayo-saka.webp,../github-ready/library/images/sport/footballers/thumbs/bukayo-saka.webp,library/images/sport/footballers/full/bukayo-saka.webp,library/images/sport/footballers/thumbs/bukayo-saka.webp,https://media.learnwithcole.com/library/images/sport/footballers/thumbs/bukayo-saka.webp,https://media.learnwithcole.com/library/images/sport/footballers/full/bukayo-saka.webp,img-1782936337059-y35wn3a,image,bukayo-saka.jpg,scq-capture-studio,2026-07-01T20:05:37.059Z,img-1782936337059-y35wn3a,001-football-pack.zip,18:23
sport-footballers-cristiano-ronaldo,image,Cristiano Ronaldo,Portuguese National Footballer for Al-Nassr,Sports,Football-World-Current-Player,Footballers,training,,,,,cristiano-ronaldo.webp,https://media.learnwithcole.com/library/images/sport/footballers/full/cristiano-ronaldo.webp,https://media.learnwithcole.com/library/images/sport/footballers/thumbs/cristiano-ronaldo.webp,33628998645fffd921667da826ce742a3912171879d678625c279243e7a1b56d,904,1109,90.08,-1,,,,,,library/images/sport/footballers,library/images/sport/footballers/full/cristiano-ronaldo.webp,https://media.learnwithcole.com/library/images/sport/footballers/full/cristiano-ronaldo.webp,../github-ready/library/images/sport/footballers/full/cristiano-ronaldo.webp,../github-ready/library/images/sport/footballers/thumbs/cristiano-ronaldo.webp,library/images/sport/footballers/full/cristiano-ronaldo.webp,library/images/sport/footballers/thumbs/cristiano-ronaldo.webp,https://media.learnwithcole.com/library/images/sport/footballers/thumbs/cristiano-ronaldo.webp,https://media.learnwithcole.com/library/images/sport/footballers/full/cristiano-ronaldo.webp,img-1782933694557-eprwr7h,image,cristiano-ronaldo.jpg,scq-capture-studio,2026-07-01T19:21:34.557Z,img-1782933694557-eprwr7h,001-football-pack.zip,18:23
sport-footballers-declan-rice,image,Declan Rice,English Footballer for Arsenal,Sports,Football-World-Current-Player,Footballers,training,,,,,declan-rice.webp,https://media.learnwithcole.com/library/images/sport/footballers/full/declan-rice.webp,https://media.learnwithcole.com/library/images/sport/footballers/thumbs/declan-rice.webp,232ab308c35e5633732b8d74d95ab7721aadec2fb5a9df18ad17cce408b3f1e0,413,415,15.38,-1,,,,,,library/images/sport/footballers,library/images/sport/footballers/full/declan-rice.webp,https://media.learnwithcole.com/library/images/sport/footballers/full/declan-rice.webp,../github-ready/library/images/sport/footballers/full/declan-rice.webp,../github-ready/library/images/sport/footballers/thumbs/declan-rice.webp,library/images/sport/footballers/full/declan-rice.webp,library/images/sport/footballers/thumbs/declan-rice.webp,https://media.learnwithcole.com/library/images/sport/footballers/thumbs/declan-rice.webp,https://media.learnwithcole.com/library/images/sport/footballers/full/declan-rice.webp,img-1782936556589-gpfga8x,image,declan-rice.jpg,scq-capture-studio,2026-07-01T20:09:16.589Z,img-1782936556589-gpfga8x,001-football-pack.zip,18:23
sport-footballers-erling-haaland,image,Erling Haaland,Norwegian Footballer for Manchester City,Sports,Football-World-Current-Player,Footballers,training,,,,,erling-haaland.webp,https://media.learnwithcole.com/library/images/sport/footballers/full/erling-haaland.webp,https://media.learnwithcole.com/library/images/sport/footballers/thumbs/erling-haaland.webp,87785ad4f948ff2d24db68e03857de74a14144c0e17220bc2a24baa09ff89dcd,1200,1800,203.82,-1,,,,,,library/images/sport/footballers,library/images/sport/footballers/full/erling-haaland.webp,https://media.learnwithcole.com/library/images/sport/footballers/full/erling-haaland.webp,../github-ready/library/images/sport/footballers/full/erling-haaland.webp,../github-ready/library/images/sport/footballers/thumbs/erling-haaland.webp,library/images/sport/footballers/full/erling-haaland.webp,library/images/sport/footballers/thumbs/erling-haaland.webp,https://media.learnwithcole.com/library/images/sport/footballers/thumbs/erling-haaland.webp,https://media.learnwithcole.com/library/images/sport/footballers/full/erling-haaland.webp,img-1782936116176-6w72i28,image,erling-haaland.jpg,scq-capture-studio,2026-07-01T20:01:56.176Z,img-1782936116176-6w72i28,001-football-pack.zip,18:23
sport-footballers-gabriel-jesus,image,Gabriel Jesus,Brazilian Footballer for Arsenal,Sports,Football-World-Current-Player,Footballers,training,,,,,gabriel-jesus.webp,https://media.learnwithcole.com/library/images/sport/footballers/full/gabriel-jesus.webp,https://media.learnwithcole.com/library/images/sport/footballers/thumbs/gabriel-jesus.webp,0ec1272be7fd07775541dbe0467e973a2e448d24dc26a94f9b35adf9d651df50,300,390,16.52,-1,,,,,,library/images/sport/footballers,library/images/sport/footballers/full/gabriel-jesus.webp,https://media.learnwithcole.com/library/images/sport/footballers/full/gabriel-jesus.webp,../github-ready/library/images/sport/footballers/full/gabriel-jesus.webp,../github-ready/library/images/sport/footballers/thumbs/gabriel-jesus.webp,library/images/sport/footballers/full/gabriel-jesus.webp,library/images/sport/footballers/thumbs/gabriel-jesus.webp,https://media.learnwithcole.com/library/images/sport/footballers/thumbs/gabriel-jesus.webp,https://media.learnwithcole.com/library/images/sport/footballers/full/gabriel-jesus.webp,img-1782958381430-053hus2,image,gabriel-jesus.jpg,scq-capture-studio,2026-07-02T02:13:01.430Z,img-1782958381430-053hus2,002-football-pack.zip,
sport-footballers-gabriel-magalhaes,image,Gabriel Magalhães,Brazilian Footballer for Arsenal,Sports,Football-World-Current-Player,Footballers,training,,,,,gabriel-magalhaes.webp,https://media.learnwithcole.com/library/images/sport/footballers/full/gabriel-magalhaes.webp,https://media.learnwithcole.com/library/images/sport/footballers/thumbs/gabriel-magalhaes.webp,3262189d8b91cfc12713c771d3ae0962bc1d1be852a4f6abe71ab8ac73b4eae2,1200,1800,203.52,-1,,,,,,library/images/sport/footballers,library/images/sport/footballers/full/gabriel-magalhaes.webp,https://media.learnwithcole.com/library/images/sport/footballers/full/gabriel-magalhaes.webp,../github-ready/library/images/sport/footballers/full/gabriel-magalhaes.webp,../github-ready/library/images/sport/footballers/thumbs/gabriel-magalhaes.webp,library/images/sport/footballers/full/gabriel-magalhaes.webp,library/images/sport/footballers/thumbs/gabriel-magalhaes.webp,https://media.learnwithcole.com/library/images/sport/footballers/thumbs/gabriel-magalhaes.webp,https://media.learnwithcole.com/library/images/sport/footballers/full/gabriel-magalhaes.webp,img-1782958304974-zcpu77q,image,gabriel-magalhaes.jpg,scq-capture-studio,2026-07-02T02:11:44.974Z,img-1782958304974-zcpu77q,002-football-pack.zip,
sport-footballers-gabriel-martinelli,image,Gabriel Martinelli,Brazilian Footballer for Arsenal,Sports,Football-World-Current-Player,Footballers,training,,,,,gabriel-martinelli.webp,https://media.learnwithcole.com/library/images/sport/footballers/full/gabriel-martinelli.webp,https://media.learnwithcole.com/library/images/sport/footballers/thumbs/gabriel-martinelli.webp,79b2eb9a74beb1319f07ee33362edffe85f0c15932d444438f24f0162d5eb610,480,640,22.69,-1,,,,,,library/images/sport/footballers,library/images/sport/footballers/full/gabriel-martinelli.webp,https://media.learnwithcole.com/library/images/sport/footballers/full/gabriel-martinelli.webp,../github-ready/library/images/sport/footballers/full/gabriel-martinelli.webp,../github-ready/library/images/sport/footballers/thumbs/gabriel-martinelli.webp,library/images/sport/footballers/full/gabriel-martinelli.webp,library/images/sport/footballers/thumbs/gabriel-martinelli.webp,https://media.learnwithcole.com/library/images/sport/footballers/thumbs/gabriel-martinelli.webp,https://media.learnwithcole.com/library/images/sport/footballers/full/gabriel-martinelli.webp,img-1782958478204-dp78nk1,image,gabriel-martinelli.jpg,scq-capture-studio,2026-07-02T02:14:38.204Z,img-1782958478204-dp78nk1,002-football-pack.zip,
sport-footballers-joan-garcia,image,Joan Garcia,Spanish Footballer for Barcelona,Sports,Football-World-Current-Player,Footballers,training,,,,,joan-garcia.webp,https://media.learnwithcole.com/library/images/sport/footballers/full/joan-garcia.webp,https://media.learnwithcole.com/library/images/sport/footballers/thumbs/joan-garcia.webp,19361d88866403bc46737444b80fde6dc6c51637e64007ab5f1dfbf31fa5eb6c,300,300,4.26,-1,,,,,,library/images/sport/footballers,library/images/sport/footballers/full/joan-garcia.webp,https://media.learnwithcole.com/library/images/sport/footballers/full/joan-garcia.webp,../github-ready/library/images/sport/footballers/full/joan-garcia.webp,../github-ready/library/images/sport/footballers/thumbs/joan-garcia.webp,library/images/sport/footballers/full/joan-garcia.webp,library/images/sport/footballers/thumbs/joan-garcia.webp,https://media.learnwithcole.com/library/images/sport/footballers/thumbs/joan-garcia.webp,https://media.learnwithcole.com/library/images/sport/footballers/full/joan-garcia.webp,img-1782959271236-k60datj,image,joan-garcia.jpg,scq-capture-studio,2026-07-02T02:27:51.236Z,img-1782959271236-k60datj,002-football-pack.zip,
sport-footballers-jude-bellingham,image,Jude Bellingham,English Footballer for Real Madrid,Sports,Football-World-Current-Player,Footballers,training,,,,,jude-bellingham.webp,https://media.learnwithcole.com/library/images/sport/footballers/full/jude-bellingham.webp,https://media.learnwithcole.com/library/images/sport/footballers/thumbs/jude-bellingham.webp,bf90f5c6f5aaf9ab13a8135f81f3f76030ed08f3a9c9dc843405adec08400c35,416,416,14.74,-1,,,,,,library/images/sport/footballers,library/images/sport/footballers/full/jude-bellingham.webp,https://media.learnwithcole.com/library/images/sport/footballers/full/jude-bellingham.webp,../github-ready/library/images/sport/footballers/full/jude-bellingham.webp,../github-ready/library/images/sport/footballers/thumbs/jude-bellingham.webp,library/images/sport/footballers/full/jude-bellingham.webp,library/images/sport/footballers/thumbs/jude-bellingham.webp,https://media.learnwithcole.com/library/images/sport/footballers/thumbs/jude-bellingham.webp,https://media.learnwithcole.com/library/images/sport/footballers/full/jude-bellingham.webp,img-1782958945286-5f9f101,image,jude-bellingham.jpg,scq-capture-studio,2026-07-02T02:22:25.286Z,img-1782958945286-5f9f101,002-football-pack.zip,
sport-footballers-kai-havertz,image,Kai Havertz,German Footballer for Arsenal,Sports,Football-World-Current-Player,Footballers,training,,,,,kai-havertz.webp,https://media.learnwithcole.com/library/images/sport/footballers/full/kai-havertz.webp,https://media.learnwithcole.com/library/images/sport/footballers/thumbs/kai-havertz.webp,35b9addf4ae3ab9e63a196d9d11982288a59d5e9c2b0deafe7c1c13f10f6de05,1045,588,35.39,-1,,,,,,library/images/sport/footballers,library/images/sport/footballers/full/kai-havertz.webp,https://media.learnwithcole.com/library/images/sport/footballers/full/kai-havertz.webp,../github-ready/library/images/sport/footballers/full/kai-havertz.webp,../github-ready/library/images/sport/footballers/thumbs/kai-havertz.webp,library/images/sport/footballers/full/kai-havertz.webp,library/images/sport/footballers/thumbs/kai-havertz.webp,https://media.learnwithcole.com/library/images/sport/footballers/thumbs/kai-havertz.webp,https://media.learnwithcole.com/library/images/sport/footballers/full/kai-havertz.webp,img-1782936459885-3y3xks2,image,kai-havertz.jpg,scq-capture-studio,2026-07-01T20:07:39.885Z,img-1782936459885-3y3xks2,001-football-pack.zip,18:23
sport-footballers-kylian-mbappe,image,Kylian Mbappé,French Footballer for Real Madrid,Sports,Football-World-Current-Player,Footballers,training,,,,,kylian-mbappe.webp,https://media.learnwithcole.com/library/images/sport/footballers/full/kylian-mbappe.webp,https://media.learnwithcole.com/library/images/sport/footballers/thumbs/kylian-mbappe.webp,ed7de3b898bedbd55752aa7c6a403520b12cc3512d39d8816e4cfea612961d55,1200,1800,295.44,-1,,,,,,library/images/sport/footballers,library/images/sport/footballers/full/kylian-mbappe.webp,https://media.learnwithcole.com/library/images/sport/footballers/full/kylian-mbappe.webp,../github-ready/library/images/sport/footballers/full/kylian-mbappe.webp,../github-ready/library/images/sport/footballers/thumbs/kylian-mbappe.webp,library/images/sport/footballers/full/kylian-mbappe.webp,library/images/sport/footballers/thumbs/kylian-mbappe.webp,https://media.learnwithcole.com/library/images/sport/footballers/thumbs/kylian-mbappe.webp,https://media.learnwithcole.com/library/images/sport/footballers/full/kylian-mbappe.webp,img-1782935755448-pg8jvs8,image,kylian-mbappe.jpg,scq-capture-studio,2026-07-01T19:55:55.448Z,img-1782935755448-pg8jvs8,001-football-pack.zip,18:23
sport-footballers-lamine-yamal,image,Lamine Yamal,Spanish Footballer for Barcelona,Sports,Football-World-Current-Player,Footballers,training,,,,,lamine-yamal.webp,https://media.learnwithcole.com/library/images/sport/footballers/full/lamine-yamal.webp,https://media.learnwithcole.com/library/images/sport/footballers/thumbs/lamine-yamal.webp,6e04e1b410793bf4b1b0f8b3174ae8aadd8c71d3e7f9f30d0a77b6315d576601,1200,750,39.37,-1,,,,,,library/images/sport/footballers,library/images/sport/footballers/full/lamine-yamal.webp,https://media.learnwithcole.com/library/images/sport/footballers/full/lamine-yamal.webp,../github-ready/library/images/sport/footballers/full/lamine-yamal.webp,../github-ready/library/images/sport/footballers/thumbs/lamine-yamal.webp,library/images/sport/footballers/full/lamine-yamal.webp,library/images/sport/footballers/thumbs/lamine-yamal.webp,https://media.learnwithcole.com/library/images/sport/footballers/thumbs/lamine-yamal.webp,https://media.learnwithcole.com/library/images/sport/footballers/full/lamine-yamal.webp,img-1782935882640-cb3l8eg,image,lamine-yamal.jpg,scq-capture-studio,2026-07-01T19:58:02.640Z,img-1782935882640-cb3l8eg,001-football-pack.zip,18:23
sport-footballers-lionel-messi,image,Lionel Messi,Argentine Footballer for Inter Miami,Sports,Football-World-Current-Player,Footballers,training,,,,,lionel-messi.webp,https://media.learnwithcole.com/library/images/sport/footballers/full/lionel-messi.webp,https://media.learnwithcole.com/library/images/sport/footballers/thumbs/lionel-messi.webp,e4bccb7699c0a514a1a9146c2092d1bf048c1abb6b86cb9d471b5bd46f706135,1200,800,64.34,-1,,,,,,library/images/sport/footballers,library/images/sport/footballers/full/lionel-messi.webp,https://media.learnwithcole.com/library/images/sport/footballers/full/lionel-messi.webp,../github-ready/library/images/sport/footballers/full/lionel-messi.webp,../github-ready/library/images/sport/footballers/thumbs/lionel-messi.webp,library/images/sport/footballers/full/lionel-messi.webp,library/images/sport/footballers/thumbs/lionel-messi.webp,https://media.learnwithcole.com/library/images/sport/footballers/thumbs/lionel-messi.webp,https://media.learnwithcole.com/library/images/sport/footballers/full/lionel-messi.webp,img-1782935590041-66d28rf,image,lionel-messi.jpg,scq-capture-studio,2026-07-01T19:53:10.041Z,img-1782935590041-66d28rf,001-football-pack.zip,18:23
sport-footballers-mikel-merino,image,Mikel Merino,Spanish Footballer for Arsenal,Sports,Football-World-Current-Player,Footballers,training,,,,,mikel-merino.webp,https://media.learnwithcole.com/library/images/sport/footballers/full/mikel-merino.webp,https://media.learnwithcole.com/library/images/sport/footballers/thumbs/mikel-merino.webp,c1454114a96743984e3d7a81f676157d10a8d0310e0606b9f59bcffbb37853c9,1200,1800,153.12,-1,,,,,,library/images/sport/footballers,library/images/sport/footballers/full/mikel-merino.webp,https://media.learnwithcole.com/library/images/sport/footballers/full/mikel-merino.webp,../github-ready/library/images/sport/footballers/full/mikel-merino.webp,../github-ready/library/images/sport/footballers/thumbs/mikel-merino.webp,library/images/sport/footballers/full/mikel-merino.webp,library/images/sport/footballers/thumbs/mikel-merino.webp,https://media.learnwithcole.com/library/images/sport/footballers/thumbs/mikel-merino.webp,https://media.learnwithcole.com/library/images/sport/footballers/full/mikel-merino.webp,img-1782958610530-golixvw,image,mikel-merino.jpg,scq-capture-studio,2026-07-02T02:16:50.530Z,img-1782958610530-golixvw,002-football-pack.zip,
sport-footballers-nuno-mendes,image,Nuno Mendes,Portuguese Footballer for PSG,Sports,Football-World-Current-Player,Footballers,training,,,,,nuno-mendes.webp,https://media.learnwithcole.com/library/images/sport/footballers/full/nuno-mendes.webp,https://media.learnwithcole.com/library/images/sport/footballers/thumbs/nuno-mendes.webp,4698f60bbcdfc4c6fdda89169b8eb5ea668247e05a01b9cebe894648f32dbc75,495,619,24.94,-1,,,,,,library/images/sport/footballers,library/images/sport/footballers/full/nuno-mendes.webp,https://media.learnwithcole.com/library/images/sport/footballers/full/nuno-mendes.webp,../github-ready/library/images/sport/footballers/full/nuno-mendes.webp,../github-ready/library/images/sport/footballers/thumbs/nuno-mendes.webp,library/images/sport/footballers/full/nuno-mendes.webp,library/images/sport/footballers/thumbs/nuno-mendes.webp,https://media.learnwithcole.com/library/images/sport/footballers/thumbs/nuno-mendes.webp,https://media.learnwithcole.com/library/images/sport/footballers/full/nuno-mendes.webp,img-1782958841974-xkgmfev,image,nuno-mendes.jpg,scq-capture-studio,2026-07-02T02:20:41.974Z,img-1782958841974-xkgmfev,002-football-pack.zip,
sport-footballers-ousmane-dembele,image,Ousmane Dembélé,French Footballer for PSG,Sports,Football-World-Current-Player,Footballers,training,,,,,ousmane-dembele.webp,https://media.learnwithcole.com/library/images/sport/footballers/full/ousmane-dembele.webp,https://media.learnwithcole.com/library/images/sport/footballers/thumbs/ousmane-dembele.webp,4a704a13c2056808116c051e204b8a23b9fab53d75bc0fff2f2bfe423f52cb0c,1200,1772,260.8,-1,,,,,,library/images/sport/footballers,library/images/sport/footballers/full/ousmane-dembele.webp,https://media.learnwithcole.com/library/images/sport/footballers/full/ousmane-dembele.webp,../github-ready/library/images/sport/footballers/full/ousmane-dembele.webp,../github-ready/library/images/sport/footballers/thumbs/ousmane-dembele.webp,library/images/sport/footballers/full/ousmane-dembele.webp,library/images/sport/footballers/thumbs/ousmane-dembele.webp,https://media.learnwithcole.com/library/images/sport/footballers/thumbs/ousmane-dembele.webp,https://media.learnwithcole.com/library/images/sport/footballers/full/ousmane-dembele.webp,img-1782958773194-p3pra0h,image,ousmane-dembele.jpg,scq-capture-studio,2026-07-02T02:19:33.194Z,img-1782958773194-p3pra0h,002-football-pack.zip,
sport-footballers-thibaut-courtois,image,Thibaut Courtois,Belgian Footballer for Real Madrid,Sports,Football-World-Current-Player,Footballers,training,,,,,thibaut-courtois.webp,https://media.learnwithcole.com/library/images/sport/footballers/full/thibaut-courtois.webp,https://media.learnwithcole.com/library/images/sport/footballers/thumbs/thibaut-courtois.webp,9fb21444bb3f507e291d23b4036989d2468a9e7cce3c7f53e1248f3b3e525633,1200,800,66.18,-1,,,,,,library/images/sport/footballers,library/images/sport/footballers/full/thibaut-courtois.webp,https://media.learnwithcole.com/library/images/sport/footballers/full/thibaut-courtois.webp,../github-ready/library/images/sport/footballers/full/thibaut-courtois.webp,../github-ready/library/images/sport/footballers/thumbs/thibaut-courtois.webp,library/images/sport/footballers/full/thibaut-courtois.webp,library/images/sport/footballers/thumbs/thibaut-courtois.webp,https://media.learnwithcole.com/library/images/sport/footballers/thumbs/thibaut-courtois.webp,https://media.learnwithcole.com/library/images/sport/footballers/full/thibaut-courtois.webp,img-1782959056744-zdi2nye,image,thibaut-courtois.jpg,scq-capture-studio,2026-07-02T02:24:16.744Z,img-1782959056744-zdi2nye,002-football-pack.zip,
sport-footballers-vinicius-junior,image,Vinícius Júnior,Brazilian Footballer for Real Madrid,Sports,Football-World-Current-Player,Footballers,training,,,,,vinicius-junior.webp,https://media.learnwithcole.com/library/images/sport/footballers/full/vinicius-junior.webp,https://media.learnwithcole.com/library/images/sport/footballers/thumbs/vinicius-junior.webp,df7f8e4f789ec008efe7c145f2a4c04b6dfcb44af8cd2bcdec80ace07fcb9ebb,250,375,12.92,-1,,,,,,library/images/sport/footballers,library/images/sport/footballers/full/vinicius-junior.webp,https://media.learnwithcole.com/library/images/sport/footballers/full/vinicius-junior.webp,../github-ready/library/images/sport/footballers/full/vinicius-junior.webp,../github-ready/library/images/sport/footballers/thumbs/vinicius-junior.webp,library/images/sport/footballers/full/vinicius-junior.webp,library/images/sport/footballers/thumbs/vinicius-junior.webp,https://media.learnwithcole.com/library/images/sport/footballers/thumbs/vinicius-junior.webp,https://media.learnwithcole.com/library/images/sport/footballers/full/vinicius-junior.webp,img-1782935967898-2d0a804,image,vinicius-junior.jpg,scq-capture-studio,2026-07-01T19:59:27.898Z,img-1782935967898-2d0a804,001-football-pack.zip,18:23
2026-alt-tv-al-pacino,image,Al Pacino,American Actor,Theatre and Cinema,World-Current-Actor,,competition,alternate,2026,1,4,al-pacino.webp,https://media.learnwithcole.com/images/2026/alternate/tv/full/al-pacino.webp,https://media.learnwithcole.com/images/2026/alternate/tv/thumbs/al-pacino.webp,073fc20b4e42672ac61d876b7a5244912b7dc3e5da3f8b06fe56280eecc05ea0,1114,548,17.84,-1,4,1,alternate,2026,,images/2026/alternate/tv,images/2026/alternate/tv/full/al-pacino.webp,https://media.learnwithcole.com/images/2026/alternate/tv/full/al-pacino.webp,../github-ready/images/2026/alternate/tv/full/al-pacino.webp,../github-ready/images/2026/alternate/tv/thumbs/al-pacino.webp,images/2026/alternate/tv/full/al-pacino.webp,images/2026/alternate/tv/thumbs/al-pacino.webp,https://media.learnwithcole.com/images/2026/alternate/tv/thumbs/al-pacino.webp,https://media.learnwithcole.com/images/2026/alternate/tv/full/al-pacino.webp,img-1768524401446-cop4w19,image,al-pacino.jpg,scq-capture-studio,2026-01-16T00:46:41.446Z,img-1768524401446-cop4w19,004.zip,4:48
2026-alt-lia-alexander-williams,image,Alexander Williams,Jamaican High Commissioner to UK,Local and International Affairs,Local-Current-Ambassador,,competition,alternate,2026,1,7,alexander-williams.webp,https://media.learnwithcole.com/images/2026/alternate/lia/full/alexander-williams.webp,https://media.learnwithcole.com/images/2026/alternate/lia/thumbs/alexander-williams.webp,fb05ceb1c8891020cde41d185f81f0522696e60fec1cf498d28d9dd52c539c12,1200,675,29.54,-1,7,1,alternate,2026,,images/2026/alternate/lia,images/2026/alternate/lia/full/alexander-williams.webp,https://media.learnwithcole.com/images/2026/alternate/lia/full/alexander-williams.webp,../github-ready/images/2026/alternate/lia/full/alexander-williams.webp,../github-ready/images/2026/alternate/lia/thumbs/alexander-williams.webp,images/2026/alternate/lia/full/alexander-williams.webp,images/2026/alternate/lia/thumbs/alexander-williams.webp,https://media.learnwithcole.com/images/2026/alternate/lia/thumbs/alexander-williams.webp,https://media.learnwithcole.com/images/2026/alternate/lia/full/alexander-williams.webp,img-1769015772985-347det5,image,alexander-williams.jpg,scq-capture-studio,2026-01-21T17:16:12.985Z,img-1769015772985-347det5,007.zip,2:43
2026-alt-lia-andrew-morris,image,Andrew Morris,MP - St. Elizabeth North West,Local and International Affairs,Local-Current-MP,,competition,alternate,2026,1,1,andrew-morris.webp,https://media.learnwithcole.com/images/2026/alternate/lia/full/andrew-morris.webp,https://media.learnwithcole.com/images/2026/alternate/lia/thumbs/andrew-morris.webp,d0e915df4e4a229e6b4cc4dbf17c8ec3f1d0eb1ded785e62cee75daa1e375871,1200,675,23.76,-1,1,1,alternate,2026,,images/2026/alternate/lia,images/2026/alternate/lia/full/andrew-morris.webp,https://media.learnwithcole.com/images/2026/alternate/lia/full/andrew-morris.webp,../github-ready/images/2026/alternate/lia/full/andrew-morris.webp,../github-ready/images/2026/alternate/lia/thumbs/andrew-morris.webp,images/2026/alternate/lia/full/andrew-morris.webp,images/2026/alternate/lia/thumbs/andrew-morris.webp,https://media.learnwithcole.com/images/2026/alternate/lia/thumbs/andrew-morris.webp,https://media.learnwithcole.com/images/2026/alternate/lia/full/andrew-morris.webp,img-1768453552985-nfurr7n,image,andrew-morris.jpg,scq-capture-studio,2026-01-15T05:05:52.985Z,img-1768453552985-nfurr7n,001.zip,2:33
2026-bz-lia-anutin-charnvirakul,image,Anutin Charnvirakul,PM - Thailand,Local and International Affairs,World-Current-Leader,,competition,buzzer,2026,1,2,anutin-charnvirakul.webp,https://media.learnwithcole.com/images/2026/buzzer/lia/full/anutin-charnvirakul.webp,https://media.learnwithcole.com/images/2026/buzzer/lia/thumbs/anutin-charnvirakul.webp,0e1cdbcc7d3845e73d2e67c421154a3263f7974cf0e2fc0ff262f89d9f30396b,1200,675,34.2,-1,2,1,buzzer,2026,,images/2026/buzzer/lia,images/2026/buzzer/lia/full/anutin-charnvirakul.webp,https://media.learnwithcole.com/images/2026/buzzer/lia/full/anutin-charnvirakul.webp,../github-ready/images/2026/buzzer/lia/full/anutin-charnvirakul.webp,../github-ready/images/2026/buzzer/lia/thumbs/anutin-charnvirakul.webp,images/2026/buzzer/lia/full/anutin-charnvirakul.webp,images/2026/buzzer/lia/thumbs/anutin-charnvirakul.webp,https://media.learnwithcole.com/images/2026/buzzer/lia/thumbs/anutin-charnvirakul.webp,https://media.learnwithcole.com/images/2026/buzzer/lia/full/anutin-charnvirakul.webp,img-1768457559487-6qifcnm,image,anutin-charnvirakul.jpg,scq-capture-studio,2026-01-15T06:12:39.487Z,img-1768457559487-6qifcnm,002.zip,17:07
2026-alt-sport-ato-boldon,image,Ato Boldon,Trinidad and Tobago Former Sprinter,Sports,Athletics-World-Former-Athlete,,competition,alternate,2026,1,4,ato-boldon.webp,https://media.learnwithcole.com/images/2026/alternate/sport/full/ato-boldon.webp,https://media.learnwithcole.com/images/2026/alternate/sport/thumbs/ato-boldon.webp,733d185477d4bd850e1d3fa70be973891c8b36c8aa8b419379686e7bf257393d,1114,548,19.79,-1,4,1,alternate,2026,,images/2026/alternate/sport,images/2026/alternate/sport/full/ato-boldon.webp,https://media.learnwithcole.com/images/2026/alternate/sport/full/ato-boldon.webp,../github-ready/images/2026/alternate/sport/full/ato-boldon.webp,../github-ready/images/2026/alternate/sport/thumbs/ato-boldon.webp,images/2026/alternate/sport/full/ato-boldon.webp,images/2026/alternate/sport/thumbs/ato-boldon.webp,https://media.learnwithcole.com/images/2026/alternate/sport/thumbs/ato-boldon.webp,https://media.learnwithcole.com/images/2026/alternate/sport/full/ato-boldon.webp,img-1768524866946-n76yvg3,image,ato-boldon.jpg,scq-capture-studio,2026-01-16T00:54:26.946Z,img-1768524866946-n76yvg3,004.zip,5:59
2026-alt-lia-aubyn-hill,image,Aubyn Hill,Government Senator and Minister,Local and International Affairs,Local-Current-Government,,competition,alternate,2026,1,2,aubyn-hill.webp,https://media.learnwithcole.com/images/2026/alternate/lia/full/aubyn-hill.webp,https://media.learnwithcole.com/images/2026/alternate/lia/thumbs/aubyn-hill.webp,a17775426f275d273ccddaa998f8feca80cb4643f5ea7e9f127df5f957108958,1200,675,24.46,-1,2,1,alternate,2026,,images/2026/alternate/lia,images/2026/alternate/lia/full/aubyn-hill.webp,https://media.learnwithcole.com/images/2026/alternate/lia/full/aubyn-hill.webp,../github-ready/images/2026/alternate/lia/full/aubyn-hill.webp,../github-ready/images/2026/alternate/lia/thumbs/aubyn-hill.webp,images/2026/alternate/lia/full/aubyn-hill.webp,images/2026/alternate/lia/thumbs/aubyn-hill.webp,https://media.learnwithcole.com/images/2026/alternate/lia/thumbs/aubyn-hill.webp,https://media.learnwithcole.com/images/2026/alternate/lia/full/aubyn-hill.webp,img-1768455216145-1gca882,image,aubyn-hill.jpg,scq-capture-studio,2026-01-15T05:33:36.145Z,img-1768455216145-1gca882,002.zip,2:10
2026-alt-sport-augustine-logie,image,Augustine Logie,Trinidadian Former Cricketer,Sports,Cricket-World-Former-Player,,competition,alternate,2026,1,7,augustine-logie.webp,https://media.learnwithcole.com/images/2026/alternate/sport/full/augustine-logie.webp,https://media.learnwithcole.com/images/2026/alternate/sport/thumbs/augustine-logie.webp,cf1c089703e87619dc20861300b0ac7ce050395c64ff02e7d72f850e5d4a47fb,1200,675,35.47,1,7,1,alternate,2026,,images/2026/alternate/sport,images/2026/alternate/sport/full/augustine-logie.webp,https://media.learnwithcole.com/images/2026/alternate/sport/full/augustine-logie.webp,../github-ready/images/2026/alternate/sport/full/augustine-logie.webp,../github-ready/images/2026/alternate/sport/thumbs/augustine-logie.webp,images/2026/alternate/sport/full/augustine-logie.webp,images/2026/alternate/sport/thumbs/augustine-logie.webp,https://media.learnwithcole.com/images/2026/alternate/sport/thumbs/augustine-logie.webp,https://media.learnwithcole.com/images/2026/alternate/sport/full/augustine-logie.webp,img-1769016351370-3eozet9,image,augustine-logie.jpg,scq-capture-studio,2026-01-21T17:25:51.370Z,img-1769016351370-3eozet9,007.zip,5:49
2026-bz-lia-bart-de-wever,image,Bart De Wever,PM - Belgium,Local and International Affairs,World-Current-PM,,competition,buzzer,2026,1,6,bart-de-wever.webp,https://media.learnwithcole.com/images/2026/buzzer/lia/full/bart-de-wever.webp,https://media.learnwithcole.com/images/2026/buzzer/lia/thumbs/bart-de-wever.webp,1c8affdf2f11903234422e20ddc904d8b06d835662b1dbc554f1f5273271bf0e,1200,675,31.65,-1,6,1,buzzer,2026,,images/2026/buzzer/lia,images/2026/buzzer/lia/full/bart-de-wever.webp,https://media.learnwithcole.com/images/2026/buzzer/lia/full/bart-de-wever.webp,../github-ready/images/2026/buzzer/lia/full/bart-de-wever.webp,../github-ready/images/2026/buzzer/lia/thumbs/bart-de-wever.webp,images/2026/buzzer/lia/full/bart-de-wever.webp,images/2026/buzzer/lia/thumbs/bart-de-wever.webp,https://media.learnwithcole.com/images/2026/buzzer/lia/thumbs/bart-de-wever.webp,https://media.learnwithcole.com/images/2026/buzzer/lia/full/bart-de-wever.webp,img-1768655982835-69mq7ve,image,bart-de-wever.jpg,scq-capture-studio,2026-01-17T13:19:42.835Z,img-1768655982835-69mq7ve,006.zip,16:23
2026-bz-sport-ben-johnson,image,Ben Johnson,Canadian Former Athlete,Sports,Athletics-World-Former-Athlete,,competition,buzzer,2026,1,3,ben-johnson.webp,https://media.learnwithcole.com/images/2026/buzzer/sport/full/ben-johnson.webp,https://media.learnwithcole.com/images/2026/buzzer/sport/thumbs/ben-johnson.webp,04dd5d3d2faee7bbdf51a84ef0f81e5d12a1535777473370b19e82d321777503,1200,675,30.74,-1,3,1,buzzer,2026,,images/2026/buzzer/sport,images/2026/buzzer/sport/full/ben-johnson.webp,https://media.learnwithcole.com/images/2026/buzzer/sport/full/ben-johnson.webp,../github-ready/images/2026/buzzer/sport/full/ben-johnson.webp,../github-ready/images/2026/buzzer/sport/thumbs/ben-johnson.webp,images/2026/buzzer/sport/full/ben-johnson.webp,images/2026/buzzer/sport/thumbs/ben-johnson.webp,https://media.learnwithcole.com/images/2026/buzzer/sport/thumbs/ben-johnson.webp,https://media.learnwithcole.com/images/2026/buzzer/sport/full/ben-johnson.webp,img-1768459814329-okv5rrh,image,ben-johnson.jpg,scq-capture-studio,2026-01-15T06:50:14.329Z,img-1768459814329-okv5rrh,003.zip,19:35
2026-alt-tv-ben-kingsley,image,Ben Kingsley,English Actor,Theatre and Cinema,World-Current-Actor,,competition,alternate,2026,1,2,ben-kingsley.webp,https://media.learnwithcole.com/images/2026/alternate/tv/full/ben-kingsley.webp,https://media.learnwithcole.com/images/2026/alternate/tv/thumbs/ben-kingsley.webp,2bf7bd4bec76074400c3e4d7ba9c57530d667bb3770f06531692b4fedd903f1c,1200,675,30.91,-1,2,1,alternate,2026,,images/2026/alternate/tv,images/2026/alternate/tv/full/ben-kingsley.webp,https://media.learnwithcole.com/images/2026/alternate/tv/full/ben-kingsley.webp,../github-ready/images/2026/alternate/tv/full/ben-kingsley.webp,../github-ready/images/2026/alternate/tv/thumbs/ben-kingsley.webp,images/2026/alternate/tv/full/ben-kingsley.webp,images/2026/alternate/tv/thumbs/ben-kingsley.webp,https://media.learnwithcole.com/images/2026/alternate/tv/thumbs/ben-kingsley.webp,https://media.learnwithcole.com/images/2026/alternate/tv/full/ben-kingsley.webp,img-1768455462933-xmi0wsb,image,ben-kingsley.jpg,scq-capture-studio,2026-01-15T05:37:42.933Z,img-1768455462933-xmi0wsb,002.zip,4:18
2026-alt-sport-ben-stokes,image,Ben Stokes,English Cricketer,Sports,Cricket-World-Current-Cricketer,,competition,alternate,2026,1,5,ben-stokes.webp,https://media.learnwithcole.com/images/2026/alternate/sport/full/ben-stokes.webp,https://media.learnwithcole.com/images/2026/alternate/sport/thumbs/ben-stokes.webp,7bccbb3bfac1eeb856c38ffd25f2e19f47e63dde46c07bb04aaa7d1953db92ce,1200,675,31.26,-1,5,1,alternate,2026,,images/2026/alternate/sport,images/2026/alternate/sport/full/ben-stokes.webp,https://media.learnwithcole.com/images/2026/alternate/sport/full/ben-stokes.webp,../github-ready/images/2026/alternate/sport/full/ben-stokes.webp,../github-ready/images/2026/alternate/sport/thumbs/ben-stokes.webp,images/2026/alternate/sport/full/ben-stokes.webp,images/2026/alternate/sport/thumbs/ben-stokes.webp,https://media.learnwithcole.com/images/2026/alternate/sport/thumbs/ben-stokes.webp,https://media.learnwithcole.com/images/2026/alternate/sport/full/ben-stokes.webp,img-1768654026770-j3iy23c,image,ben-stokes.jpg,scq-capture-studio,2026-01-17T12:47:06.771Z,img-1768654026770-j3iy23c,005.zip,5:52
2026-bz-lia-bernardo-arevalo,image,Bernardo Arévalo,President - Guatemala,Local and International Affairs,World-Current-President,,competition,buzzer,2026,1,7,bernardo-arevalo.webp,https://media.learnwithcole.com/images/2026/buzzer/lia/full/bernardo-arevalo.webp,https://media.learnwithcole.com/images/2026/buzzer/lia/thumbs/bernardo-arevalo.webp,7f7fc8f8038e384f56e9b89cebd7d671d8d02deaee887bc3a4175f2edc706e83,1200,675,37.65,-1,7,1,buzzer,2026,,images/2026/buzzer/lia,images/2026/buzzer/lia/full/bernardo-arevalo.webp,https://media.learnwithcole.com/images/2026/buzzer/lia/full/bernardo-arevalo.webp,../github-ready/images/2026/buzzer/lia/full/bernardo-arevalo.webp,../github-ready/images/2026/buzzer/lia/thumbs/bernardo-arevalo.webp,images/2026/buzzer/lia/full/bernardo-arevalo.webp,images/2026/buzzer/lia/thumbs/bernardo-arevalo.webp,https://media.learnwithcole.com/images/2026/buzzer/lia/thumbs/bernardo-arevalo.webp,https://media.learnwithcole.com/images/2026/buzzer/lia/full/bernardo-arevalo.webp,img-1769016545814-4doiun6,image,bernardo-arevalo.jpg,scq-capture-studio,2026-01-21T17:29:05.814Z,img-1769016545814-4doiun6,007.zip,17:24
2026-alt-tv-brad-pitt,image,Brad Pitt,American Actor,Theatre and Cinema,World-Current-Actor,,competition,alternate,2026,1,1,brad-pitt.webp,https://media.learnwithcole.com/images/2026/alternate/tv/full/brad-pitt.webp,https://media.learnwithcole.com/images/2026/alternate/tv/thumbs/brad-pitt.webp,717b0365e3d209f5f099bc9f475442dcae91c20ca6bd7603832e0d2f4fd1f32b,1200,675,29.3,-1,1,1,alternate,2026,,images/2026/alternate/tv,images/2026/alternate/tv/full/brad-pitt.webp,https://media.learnwithcole.com/images/2026/alternate/tv/full/brad-pitt.webp,../github-ready/images/2026/alternate/tv/full/brad-pitt.webp,../github-ready/images/2026/alternate/tv/thumbs/brad-pitt.webp,images/2026/alternate/tv/full/brad-pitt.webp,images/2026/alternate/tv/thumbs/brad-pitt.webp,https://media.learnwithcole.com/images/2026/alternate/tv/thumbs/brad-pitt.webp,https://media.learnwithcole.com/images/2026/alternate/tv/full/brad-pitt.webp,img-1768453737555-ge7trbr,image,brad-pitt.jpg,scq-capture-studio,2026-01-15T05:08:57.555Z,img-1768453737555-ge7trbr,001.zip,5:07
2026-alt-sport-cameron-green,image,Cameron Green,Australian Cricketer,Sports,Cricket-World-Current-Player,,competition,alternate,2026,1,6,cameron-green.webp,https://media.learnwithcole.com/images/2026/alternate/sport/full/cameron-green.webp,https://media.learnwithcole.com/images/2026/alternate/sport/thumbs/cameron-green.webp,813b5be4df19e58d2afcab6e7c81fe03bd76fd0ff981aa89d027dfdc3a3bc452,1200,675,32.75,-1,6,1,alternate,2026,,images/2026/alternate/sport,images/2026/alternate/sport/full/cameron-green.webp,https://media.learnwithcole.com/images/2026/alternate/sport/full/cameron-green.webp,../github-ready/images/2026/alternate/sport/full/cameron-green.webp,../github-ready/images/2026/alternate/sport/thumbs/cameron-green.webp,images/2026/alternate/sport/full/cameron-green.webp,images/2026/alternate/sport/thumbs/cameron-green.webp,https://media.learnwithcole.com/images/2026/alternate/sport/thumbs/cameron-green.webp,https://media.learnwithcole.com/images/2026/alternate/sport/full/cameron-green.webp,img-1768655784733-y9mtp8k,image,cameron-green.jpg,scq-capture-studio,2026-01-17T13:16:24.733Z,img-1768655784733-y9mtp8k,006.zip,4:34
2026-alt-sport-carl-lewis,image,Carl Lewis,American Former Athlete,Sports,Athletics-World-Former-Athlete,,competition,alternate,2026,1,3,carl-lewis.webp,https://media.learnwithcole.com/images/2026/alternate/sport/full/carl-lewis.webp,https://media.learnwithcole.com/images/2026/alternate/sport/thumbs/carl-lewis.webp,5de7ddf363289317f5455f0fc33e3ce4c5d5defc05bcab8e7e877ec7d832014b,1200,675,44.13,-1,3,1,alternate,2026,,images/2026/alternate/sport,images/2026/alternate/sport/full/carl-lewis.webp,https://media.learnwithcole.com/images/2026/alternate/sport/full/carl-lewis.webp,../github-ready/images/2026/alternate/sport/full/carl-lewis.webp,../github-ready/images/2026/alternate/sport/thumbs/carl-lewis.webp,images/2026/alternate/sport/full/carl-lewis.webp,images/2026/alternate/sport/thumbs/carl-lewis.webp,https://media.learnwithcole.com/images/2026/alternate/sport/thumbs/carl-lewis.webp,https://media.learnwithcole.com/images/2026/alternate/sport/full/carl-lewis.webp,img-1768459188853-udxm41u,image,carl-lewis.jpg,scq-capture-studio,2026-01-15T06:39:48.853Z,img-1768459188853-udxm41u,003.zip,5:51
2026-bz-sport-carmelita-jeter,image,Carmelita Jeter,American Former Sprinter,Sports,Athletics-World-Current-Athlete,,competition,buzzer,2026,1,4,carmelita-jeter.webp,https://media.learnwithcole.com/images/2026/buzzer/sport/full/carmelita-jeter.webp,https://media.learnwithcole.com/images/2026/buzzer/sport/thumbs/carmelita-jeter.webp,c4884aec369ef729a6ac8f48ba59b08ddc7bc49faa11c196f2f82ce9803027dd,1114,548,28.42,-1,4,1,buzzer,2026,,images/2026/buzzer/sport,images/2026/buzzer/sport/full/carmelita-jeter.webp,https://media.learnwithcole.com/images/2026/buzzer/sport/full/carmelita-jeter.webp,../github-ready/images/2026/buzzer/sport/full/carmelita-jeter.webp,../github-ready/images/2026/buzzer/sport/thumbs/carmelita-jeter.webp,images/2026/buzzer/sport/full/carmelita-jeter.webp,images/2026/buzzer/sport/thumbs/carmelita-jeter.webp,https://media.learnwithcole.com/images/2026/buzzer/sport/thumbs/carmelita-jeter.webp,https://media.learnwithcole.com/images/2026/buzzer/sport/full/carmelita-jeter.webp,img-1768525340396-qqsnc5t,image,carmelita-jeter.jpg,scq-capture-studio,2026-01-16T01:02:20.396Z,img-1768525340396-qqsnc5t,004.zip,20:23
2026-alt-tv-christopher-meloni,image,Christopher Meloni,American Actor,Theatre and Cinema,World-Current-Actor,,competition,alternate,2026,1,3,christopher-meloni.webp,https://media.learnwithcole.com/images/2026/alternate/tv/full/christopher-meloni.webp,https://media.learnwithcole.com/images/2026/alternate/tv/thumbs/christopher-meloni.webp,d69e9ee274daef5451296c149ce528ac55580a56782c32946bf2b6179b76256d,1200,675,32.28,-1,3,1,alternate,2026,,images/2026/alternate/tv,images/2026/alternate/tv/full/christopher-meloni.webp,https://media.learnwithcole.com/images/2026/alternate/tv/full/christopher-meloni.webp,../github-ready/images/2026/alternate/tv/full/christopher-meloni.webp,../github-ready/images/2026/alternate/tv/thumbs/christopher-meloni.webp,images/2026/alternate/tv/full/christopher-meloni.webp,images/2026/alternate/tv/thumbs/christopher-meloni.webp,https://media.learnwithcole.com/images/2026/alternate/tv/thumbs/christopher-meloni.webp,https://media.learnwithcole.com/images/2026/alternate/tv/full/christopher-meloni.webp,img-1768459099266-ogvydrb,image,christopher-meloni.jpg,scq-capture-studio,2026-01-15T06:38:19.266Z,img-1768459099266-ogvydrb,003.zip,5:22
2026-bz-lia-cyril-ramaphosa,image,Cyril Ramaphosa,President of South Africa,Local and International Affairs,World-Current-President,,competition,buzzer,2026,1,4,cyril-ramaphosa.webp,https://media.learnwithcole.com/images/2026/buzzer/lia/full/cyril-ramaphosa.webp,https://media.learnwithcole.com/images/2026/buzzer/lia/thumbs/cyril-ramaphosa.webp,24544f1326a430f4757bc93bf2e5958a544be229e63e1e0058c947a7f2eeb066,1114,548,20.98,-1,4,1,buzzer,2026,,images/2026/buzzer/lia,images/2026/buzzer/lia/full/cyril-ramaphosa.webp,https://media.learnwithcole.com/images/2026/buzzer/lia/full/cyril-ramaphosa.webp,../github-ready/images/2026/buzzer/lia/full/cyril-ramaphosa.webp,../github-ready/images/2026/buzzer/lia/thumbs/cyril-ramaphosa.webp,images/2026/buzzer/lia/full/cyril-ramaphosa.webp,images/2026/buzzer/lia/thumbs/cyril-ramaphosa.webp,https://media.learnwithcole.com/images/2026/buzzer/lia/thumbs/cyril-ramaphosa.webp,https://media.learnwithcole.com/images/2026/buzzer/lia/full/cyril-ramaphosa.webp,img-1768524978850-uc1m73z,image,cyril-ramaphosa.jpg,scq-capture-studio,2026-01-16T00:56:18.850Z,img-1768524978850-uc1m73z,004.zip,18:07
2026-alt-lia-diahann-gordon-harrison,image,Diahann Gordon-Harrison,Children's Advocate,Local and International Affairs,Local-Current-Private,,competition,alternate,2026,1,6,diahann-gordon-harrison.webp,https://media.learnwithcole.com/images/2026/alternate/lia/full/diahann-gordon-harrison.webp,https://media.learnwithcole.com/images/2026/alternate/lia/thumbs/diahann-gordon-harrison.webp,b6361494a84f012afa2dddc06375d0729fc5156be1e34b7a66c4fe9ef458fde5,1200,675,28.81,-1,6,1,alternate,2026,,images/2026/alternate/lia,images/2026/alternate/lia/full/diahann-gordon-harrison.webp,https://media.learnwithcole.com/images/2026/alternate/lia/full/diahann-gordon-harrison.webp,../github-ready/images/2026/alternate/lia/full/diahann-gordon-harrison.webp,../github-ready/images/2026/alternate/lia/thumbs/diahann-gordon-harrison.webp,images/2026/alternate/lia/full/diahann-gordon-harrison.webp,images/2026/alternate/lia/thumbs/diahann-gordon-harrison.webp,https://media.learnwithcole.com/images/2026/alternate/lia/thumbs/diahann-gordon-harrison.webp,https://media.learnwithcole.com/images/2026/alternate/lia/full/diahann-gordon-harrison.webp,img-1768654956233-e5wm4zf,image,diahann-gordon-harrison.jpg,scq-capture-studio,2026-01-17T13:02:36.233Z,img-1768654956233-e5wm4zf,006.zip,2:12
2026-bz-sport-didier-drogba,image,Didier Drogba,Ivorian Footballer,Sports,Football-World-Former-Player,,competition,buzzer,2026,1,6,didier-drogba.webp,https://media.learnwithcole.com/images/2026/buzzer/sport/full/didier-drogba.webp,https://media.learnwithcole.com/images/2026/buzzer/sport/thumbs/didier-drogba.webp,1b14ec1d4e650c01f81d57df373de39105b40d8751ea14af9db0fbf2d346eddd,1200,675,35.09,-1,6,1,buzzer,2026,,images/2026/buzzer/sport,images/2026/buzzer/sport/full/didier-drogba.webp,https://media.learnwithcole.com/images/2026/buzzer/sport/full/didier-drogba.webp,../github-ready/images/2026/buzzer/sport/full/didier-drogba.webp,../github-ready/images/2026/buzzer/sport/thumbs/didier-drogba.webp,images/2026/buzzer/sport/full/didier-drogba.webp,images/2026/buzzer/sport/thumbs/didier-drogba.webp,https://media.learnwithcole.com/images/2026/buzzer/sport/thumbs/didier-drogba.webp,https://media.learnwithcole.com/images/2026/buzzer/sport/full/didier-drogba.webp,img-1768656266783-xmuug2i,image,didier-drogba.jpg,scq-capture-studio,2026-01-17T13:24:26.783Z,img-1768656266783-xmuug2i,006.zip,18:46
2026-alt-lia-duane-smith,image,Duane Smith,MP - St. Andrew North West,Local and International Affairs,Local-Current-MP,,competition,alternate,2026,1,3,duane-smith.webp,https://media.learnwithcole.com/images/2026/alternate/lia/full/duane-smith.webp,https://media.learnwithcole.com/images/2026/alternate/lia/thumbs/duane-smith.webp,6df43d171de7556f13bd11f63e37d30823dd87482ddfad93ec0a1ea0ca3997d5,1200,675,21.59,-1,3,1,alternate,2026,,images/2026/alternate/lia,images/2026/alternate/lia/full/duane-smith.webp,https://media.learnwithcole.com/images/2026/alternate/lia/full/duane-smith.webp,../github-ready/images/2026/alternate/lia/full/duane-smith.webp,../github-ready/images/2026/alternate/lia/thumbs/duane-smith.webp,images/2026/alternate/lia/full/duane-smith.webp,images/2026/alternate/lia/thumbs/duane-smith.webp,https://media.learnwithcole.com/images/2026/alternate/lia/thumbs/duane-smith.webp,https://media.learnwithcole.com/images/2026/alternate/lia/full/duane-smith.webp,img-1768458612706-e0atjd0,image,duane-smith.jpg,scq-capture-studio,2026-01-15T06:30:12.706Z,img-1768458612706-e0atjd0,003.zip,2:19
2026-alt-lia-dwayne-vaz,image,Dwayne Vaz,MP -Westmoreland Central,Local and International Affairs,Local-Current-MP,,competition,alternate,2026,1,5,dwayne-vaz.webp,https://media.learnwithcole.com/images/2026/alternate/lia/full/dwayne-vaz.webp,https://media.learnwithcole.com/images/2026/alternate/lia/thumbs/dwayne-vaz.webp,3b884c6ae83582f9d786a1a5c9fecd510ef6bfffda2d02f82e2b905877d45cff,1200,675,33.38,-1,5,1,alternate,2026,,images/2026/alternate/lia,images/2026/alternate/lia/full/dwayne-vaz.webp,https://media.learnwithcole.com/images/2026/alternate/lia/full/dwayne-vaz.webp,../github-ready/images/2026/alternate/lia/full/dwayne-vaz.webp,../github-ready/images/2026/alternate/lia/thumbs/dwayne-vaz.webp,images/2026/alternate/lia/full/dwayne-vaz.webp,images/2026/alternate/lia/thumbs/dwayne-vaz.webp,https://media.learnwithcole.com/images/2026/alternate/lia/thumbs/dwayne-vaz.webp,https://media.learnwithcole.com/images/2026/alternate/lia/full/dwayne-vaz.webp,img-1768653341795-9v0w6km,image,dwayne-vaz.jpg,scq-capture-studio,2026-01-17T12:35:41.795Z,img-1768653341795-9v0w6km,005.zip,2:21
2026-alt-lia-eswatini,image,Eswatini,Flag of Eswatini,Local and International Affairs,World-Current-Flag,,competition,alternate,2026,1,4,eswatini.webp,https://media.learnwithcole.com/images/2026/alternate/lia/full/eswatini.webp,https://media.learnwithcole.com/images/2026/alternate/lia/thumbs/eswatini.webp,4c91f280092eda4e853a292f4a68f8a5a455e81a52228f4147aefd59d7febc7a,1114,548,17.13,-1,4,1,alternate,2026,,images/2026/alternate/lia,images/2026/alternate/lia/full/eswatini.webp,https://media.learnwithcole.com/images/2026/alternate/lia/full/eswatini.webp,../github-ready/images/2026/alternate/lia/full/eswatini.webp,../github-ready/images/2026/alternate/lia/thumbs/eswatini.webp,images/2026/alternate/lia/full/eswatini.webp,images/2026/alternate/lia/thumbs/eswatini.webp,https://media.learnwithcole.com/images/2026/alternate/lia/thumbs/eswatini.webp,https://media.learnwithcole.com/images/2026/alternate/lia/full/eswatini.webp,img-1768524080462-uwlpqst,image,eswatini.jpg,scq-capture-studio,2026-01-16T00:41:20.462Z,img-1768524080462-uwlpqst,004.zip,2:40
2026-alt-tv-eva-victor,image,Eva Victor,French Actor,Theatre and Cinema,World-Current-Actress,,competition,alternate,2026,1,7,eva-victor.webp,https://media.learnwithcole.com/images/2026/alternate/tv/full/eva-victor.webp,https://media.learnwithcole.com/images/2026/alternate/tv/thumbs/eva-victor.webp,2a46f6cae968bf724b2ab36d566024395ee83078592e15987a710f9946a20987,1200,675,27.74,0,7,1,alternate,2026,,images/2026/alternate/tv,images/2026/alternate/tv/full/eva-victor.webp,https://media.learnwithcole.com/images/2026/alternate/tv/full/eva-victor.webp,../github-ready/images/2026/alternate/tv/full/eva-victor.webp,../github-ready/images/2026/alternate/tv/thumbs/eva-victor.webp,images/2026/alternate/tv/full/eva-victor.webp,images/2026/alternate/tv/thumbs/eva-victor.webp,https://media.learnwithcole.com/images/2026/alternate/tv/thumbs/eva-victor.webp,https://media.learnwithcole.com/images/2026/alternate/tv/full/eva-victor.webp,img-1769016101626-4s81hzl,image,eva-victor.jpg,scq-capture-studio,2026-01-21T17:21:41.626Z,img-1769016101626-4s81hzl,007.zip,4:52
2026-alt-sport-gail-devers,image,Gail Devers,American Former Athlete,Sports,Athletics-World-Former-Athlete,,competition,alternate,2026,1,3,gail-devers.webp,https://media.learnwithcole.com/images/2026/alternate/sport/full/gail-devers.webp,https://media.learnwithcole.com/images/2026/alternate/sport/thumbs/gail-devers.webp,be1de11281b61e7d41f5edaca6c6c3993b0c9e36b0b917a2a6aec1c430ae22cb,1200,675,37.11,-1,3,1,alternate,2026,,images/2026/alternate/sport,images/2026/alternate/sport/full/gail-devers.webp,https://media.learnwithcole.com/images/2026/alternate/sport/full/gail-devers.webp,../github-ready/images/2026/alternate/sport/full/gail-devers.webp,../github-ready/images/2026/alternate/sport/thumbs/gail-devers.webp,images/2026/alternate/sport/full/gail-devers.webp,images/2026/alternate/sport/thumbs/gail-devers.webp,https://media.learnwithcole.com/images/2026/alternate/sport/thumbs/gail-devers.webp,https://media.learnwithcole.com/images/2026/alternate/sport/full/gail-devers.webp,img-1768459243096-n9j77m0,image,gail-devers.jpg,scq-capture-studio,2026-01-15T06:40:43.096Z,img-1768459243096-n9j77m0,003.zip,6:05
2026-bz-tv-gregory-peck,image,Gregory Peck,American Actor,Theatre and Cinema,World-Former-Actor,,competition,buzzer,2026,1,5,gregory-peck.webp,https://media.learnwithcole.com/images/2026/buzzer/tv/full/gregory-peck.webp,https://media.learnwithcole.com/images/2026/buzzer/tv/thumbs/gregory-peck.webp,ea9de8a77ae5825fa6e03e3075f89e30ac41866c2de34ea947139253a795779c,1200,675,35.14,-1,5,1,buzzer,2026,,images/2026/buzzer/tv,images/2026/buzzer/tv/full/gregory-peck.webp,https://media.learnwithcole.com/images/2026/buzzer/tv/full/gregory-peck.webp,../github-ready/images/2026/buzzer/tv/full/gregory-peck.webp,../github-ready/images/2026/buzzer/tv/thumbs/gregory-peck.webp,images/2026/buzzer/tv/full/gregory-peck.webp,images/2026/buzzer/tv/thumbs/gregory-peck.webp,https://media.learnwithcole.com/images/2026/buzzer/tv/thumbs/gregory-peck.webp,https://media.learnwithcole.com/images/2026/buzzer/tv/full/gregory-peck.webp,img-1768654351897-4enb4v7,image,gregory-peck.jpg,scq-capture-studio,2026-01-17T12:52:31.897Z,img-1768654351897-4enb4v7,005.zip,17:23
2026-bz-tv-harrison-ford,image,Harrison Ford,American Actor - Indiana Jones,Theatre and Cinema,World-Current-Actor,,competition,buzzer,2026,1,6,harrison-ford.webp,https://media.learnwithcole.com/images/2026/buzzer/tv/full/harrison-ford.webp,https://media.learnwithcole.com/images/2026/buzzer/tv/thumbs/harrison-ford.webp,5cda8cdc858224751701eb2d11d0e8b3e34adb372ba75277d20b895acbb86daf,1200,675,26.62,-1,6,1,buzzer,2026,,images/2026/buzzer/tv,images/2026/buzzer/tv/full/harrison-ford.webp,https://media.learnwithcole.com/images/2026/buzzer/tv/full/harrison-ford.webp,../github-ready/images/2026/buzzer/tv/full/harrison-ford.webp,../github-ready/images/2026/buzzer/tv/thumbs/harrison-ford.webp,images/2026/buzzer/tv/full/harrison-ford.webp,images/2026/buzzer/tv/thumbs/harrison-ford.webp,https://media.learnwithcole.com/images/2026/buzzer/tv/thumbs/harrison-ford.webp,https://media.learnwithcole.com/images/2026/buzzer/tv/full/harrison-ford.webp,img-1768656143810-94r2oy0,image,harrison-ford.jpg,scq-capture-studio,2026-01-17T13:22:23.810Z,img-1768656143810-94r2oy0,006.zip,17:48
2026-alt-sport-hasely-crawford,image,Hasely Crawford,First Olympic Champion from Trinidad and Tobago,Sports,Athletics-World-Former-Athlete,,competition,alternate,2026,1,4,hasely-crawford.webp,https://media.learnwithcole.com/images/2026/alternate/sport/full/hasely-crawford.webp,https://media.learnwithcole.com/images/2026/alternate/sport/thumbs/hasely-crawford.webp,843010160d09577a000f7e76b3ce9c3d0d19c8cc0731fd9bfb75667e64a373d3,1114,548,25.01,-1,4,1,alternate,2026,,images/2026/alternate/sport,images/2026/alternate/sport/full/hasely-crawford.webp,https://media.learnwithcole.com/images/2026/alternate/sport/full/hasely-crawford.webp,../github-ready/images/2026/alternate/sport/full/hasely-crawford.webp,../github-ready/images/2026/alternate/sport/thumbs/hasely-crawford.webp,images/2026/alternate/sport/full/hasely-crawford.webp,images/2026/alternate/sport/thumbs/hasely-crawford.webp,https://media.learnwithcole.com/images/2026/alternate/sport/thumbs/hasely-crawford.webp,https://media.learnwithcole.com/images/2026/alternate/sport/full/hasely-crawford.webp,img-1768524741688-x7arydj,image,hasely-crawford.jpg,scq-capture-studio,2026-01-16T00:52:21.688Z,img-1768524741688-x7arydj,004.zip,5:45
2026-alt-lia-heroy-clarke,image,Heroy Clarke,MP - St. James Central,Local and International Affairs,Local-Current-MP,,competition,alternate,2026,1,3,heroy-clarke.webp,https://media.learnwithcole.com/images/2026/alternate/lia/full/heroy-clarke.webp,https://media.learnwithcole.com/images/2026/alternate/lia/thumbs/heroy-clarke.webp,75b893ffaf8ec46df639d0e6c602f5d4ecc64d441daa2ae08aa694dc289043bb,1200,675,22.94,-1,3,1,alternate,2026,,images/2026/alternate/lia,images/2026/alternate/lia/full/heroy-clarke.webp,https://media.learnwithcole.com/images/2026/alternate/lia/full/heroy-clarke.webp,../github-ready/images/2026/alternate/lia/full/heroy-clarke.webp,../github-ready/images/2026/alternate/lia/thumbs/heroy-clarke.webp,images/2026/alternate/lia/full/heroy-clarke.webp,images/2026/alternate/lia/thumbs/heroy-clarke.webp,https://media.learnwithcole.com/images/2026/alternate/lia/thumbs/heroy-clarke.webp,https://media.learnwithcole.com/images/2026/alternate/lia/full/heroy-clarke.webp,img-1768458660156-fc9vrlv,image,heroy-clarke.jpg,scq-capture-studio,2026-01-15T06:31:00.156Z,img-1768458660156-fc9vrlv,003.zip,2:31
2026-bz-lia-hun-manet,image,Hun Manet,PM - Cambodia,Local and International Affairs,World-Current-Leader,,competition,buzzer,2026,1,3,hun-manet.webp,https://media.learnwithcole.com/images/2026/buzzer/lia/full/hun-manet.webp,https://media.learnwithcole.com/images/2026/buzzer/lia/thumbs/hun-manet.webp,a55af126b0becf5272dd22835d2945b79ff2c1a6a2711e5c88c45a670f11324c,1200,675,28.06,-1,3,1,buzzer,2026,,images/2026/buzzer/lia,images/2026/buzzer/lia/full/hun-manet.webp,https://media.learnwithcole.com/images/2026/buzzer/lia/full/hun-manet.webp,../github-ready/images/2026/buzzer/lia/full/hun-manet.webp,../github-ready/images/2026/buzzer/lia/thumbs/hun-manet.webp,images/2026/buzzer/lia/full/hun-manet.webp,images/2026/buzzer/lia/thumbs/hun-manet.webp,https://media.learnwithcole.com/images/2026/buzzer/lia/thumbs/hun-manet.webp,https://media.learnwithcole.com/images/2026/buzzer/lia/full/hun-manet.webp,img-1768459368554-ptrdm61,image,hun-manet.jpg,scq-capture-studio,2026-01-15T06:42:48.554Z,img-1768459368554-ptrdm61,003.zip,16:57
2026-alt-sport-igor-thiago,image,Igor Thiago,Brazilian Footballer for Brentford,Sports,Football-World-Current-Player,,competition,alternate,2026,1,2,igor-thiago.webp,https://media.learnwithcole.com/images/2026/alternate/sport/full/igor-thiago.webp,https://media.learnwithcole.com/images/2026/alternate/sport/thumbs/igor-thiago.webp,643bb06f10c1c5cb3ea5eb6f8978c8e38189ad369e292189872ec1420828654c,1200,675,27.41,-1,2,1,alternate,2026,,images/2026/alternate/sport,images/2026/alternate/sport/full/igor-thiago.webp,https://media.learnwithcole.com/images/2026/alternate/sport/full/igor-thiago.webp,../github-ready/images/2026/alternate/sport/full/igor-thiago.webp,../github-ready/images/2026/alternate/sport/thumbs/igor-thiago.webp,images/2026/alternate/sport/full/igor-thiago.webp,images/2026/alternate/sport/thumbs/igor-thiago.webp,https://media.learnwithcole.com/images/2026/alternate/sport/thumbs/igor-thiago.webp,https://media.learnwithcole.com/images/2026/alternate/sport/full/igor-thiago.webp,img-1768455677807-qcdpwor,image,igor-thiago.jpg,scq-capture-studio,2026-01-15T05:41:17.807Z,img-1768455677807-qcdpwor,002.zip,5:09
2026-alt-sport-jean-philippe-mateta,image,Jean-Philippe Mateta,French Footballer for Crystal Palace,Sports,Football-World-Current-Player,,competition,alternate,2026,1,2,jean-philippe-mateta.webp,https://media.learnwithcole.com/images/2026/alternate/sport/full/jean-philippe-mateta.webp,https://media.learnwithcole.com/images/2026/alternate/sport/thumbs/jean-philippe-mateta.webp,b6a89a71c4184f015129648f23e586573dc23acf0776b3e705268959464a6ee5,1200,675,45.32,-1,2,1,alternate,2026,,images/2026/alternate/sport,images/2026/alternate/sport/full/jean-philippe-mateta.webp,https://media.learnwithcole.com/images/2026/alternate/sport/full/jean-philippe-mateta.webp,../github-ready/images/2026/alternate/sport/full/jean-philippe-mateta.webp,../github-ready/images/2026/alternate/sport/thumbs/jean-philippe-mateta.webp,images/2026/alternate/sport/full/jean-philippe-mateta.webp,images/2026/alternate/sport/thumbs/jean-philippe-mateta.webp,https://media.learnwithcole.com/images/2026/alternate/sport/thumbs/jean-philippe-mateta.webp,https://media.learnwithcole.com/images/2026/alternate/sport/full/jean-philippe-mateta.webp,img-1768455780166-01mqjfk,image,jean-philippe-mateta.jpg,scq-capture-studio,2026-01-15T05:43:00.166Z,img-1768455780166-01mqjfk,002.zip,5:25
2026-alt-sport-jeff-dujon,image,Jeff Dujon,Jamaican Former Cricketer,Sports,Cricket-World-Former-Player,,competition,alternate,2026,1,7,jeff-dujon.webp,https://media.learnwithcole.com/images/2026/alternate/sport/full/jeff-dujon.webp,https://media.learnwithcole.com/images/2026/alternate/sport/thumbs/jeff-dujon.webp,91db0449f6ae9ec34cee76e0c2727dc4ac8db96f7fca5f272d8882538323698c,1200,675,24.56,1,7,1,alternate,2026,,images/2026/alternate/sport,images/2026/alternate/sport/full/jeff-dujon.webp,https://media.learnwithcole.com/images/2026/alternate/sport/full/jeff-dujon.webp,../github-ready/images/2026/alternate/sport/full/jeff-dujon.webp,../github-ready/images/2026/alternate/sport/thumbs/jeff-dujon.webp,images/2026/alternate/sport/full/jeff-dujon.webp,images/2026/alternate/sport/thumbs/jeff-dujon.webp,https://media.learnwithcole.com/images/2026/alternate/sport/thumbs/jeff-dujon.webp,https://media.learnwithcole.com/images/2026/alternate/sport/full/jeff-dujon.webp,img-1769016232606-whpgxvk,image,jeff-dujon.jpg,scq-capture-studio,2026-01-21T17:23:52.606Z,img-1769016232606-whpgxvk,007.zip,5:37
2026-alt-tv-jennifer-lawrence,image,Jennifer Lawrence,American Actress,Theatre and Cinema,World-Current-Actress,,competition,alternate,2026,1,6,jennifer-lawrence.webp,https://media.learnwithcole.com/images/2026/alternate/tv/full/jennifer-lawrence.webp,https://media.learnwithcole.com/images/2026/alternate/tv/thumbs/jennifer-lawrence.webp,87510194200073d618570b096d8f0c99c2b39384f6efed20d31570daf86b51f4,1200,675,29.55,-1,6,1,alternate,2026,,images/2026/alternate/tv,images/2026/alternate/tv/full/jennifer-lawrence.webp,https://media.learnwithcole.com/images/2026/alternate/tv/full/jennifer-lawrence.webp,../github-ready/images/2026/alternate/tv/full/jennifer-lawrence.webp,../github-ready/images/2026/alternate/tv/thumbs/jennifer-lawrence.webp,images/2026/alternate/tv/full/jennifer-lawrence.webp,images/2026/alternate/tv/thumbs/jennifer-lawrence.webp,https://media.learnwithcole.com/images/2026/alternate/tv/thumbs/jennifer-lawrence.webp,https://media.learnwithcole.com/images/2026/alternate/tv/full/jennifer-lawrence.webp,img-1768655568656-zmbb056,image,jennifer-lawrence.jpg,scq-capture-studio,2026-01-17T13:12:48.656Z,img-1768655568656-zmbb056,006.zip,3:56
2026-alt-tv-johnny-depp,image,Johnny Depp,American Actor,Theatre and Cinema,World-Current-Actor,,competition,alternate,2026,1,5,johnny-depp.webp,https://media.learnwithcole.com/images/2026/alternate/tv/full/johnny-depp.webp,https://media.learnwithcole.com/images/2026/alternate/tv/thumbs/johnny-depp.webp,0b7a195ec7f9ecfb752d450a144684fbaa620d2d96df26004ec6f6d2ef906439,1200,675,35.92,-1,5,1,alternate,2026,,images/2026/alternate/tv,images/2026/alternate/tv/full/johnny-depp.webp,https://media.learnwithcole.com/images/2026/alternate/tv/full/johnny-depp.webp,../github-ready/images/2026/alternate/tv/full/johnny-depp.webp,../github-ready/images/2026/alternate/tv/thumbs/johnny-depp.webp,images/2026/alternate/tv/full/johnny-depp.webp,images/2026/alternate/tv/thumbs/johnny-depp.webp,https://media.learnwithcole.com/images/2026/alternate/tv/thumbs/johnny-depp.webp,https://media.learnwithcole.com/images/2026/alternate/tv/full/johnny-depp.webp,img-1768653843215-jdniq25,image,johnny-depp.jpg,scq-capture-studio,2026-01-17T12:44:03.215Z,img-1768653843215-jdniq25,005.zip,4:58
2026-alt-tv-julia-roberts,image,Julia Roberts,American Actress,Theatre and Cinema,World-Current-Actress,,competition,alternate,2026,1,7,julia-roberts.webp,https://media.learnwithcole.com/images/2026/alternate/tv/full/julia-roberts.webp,https://media.learnwithcole.com/images/2026/alternate/tv/thumbs/julia-roberts.webp,29031ab2e4ded5eb52dcf180febf4cc1071cfc01e2ebc6118b4aa0d28ed38d22,1200,675,34.38,0,7,1,alternate,2026,,images/2026/alternate/tv,images/2026/alternate/tv/full/julia-roberts.webp,https://media.learnwithcole.com/images/2026/alternate/tv/full/julia-roberts.webp,../github-ready/images/2026/alternate/tv/full/julia-roberts.webp,../github-ready/images/2026/alternate/tv/thumbs/julia-roberts.webp,images/2026/alternate/tv/full/julia-roberts.webp,images/2026/alternate/tv/thumbs/julia-roberts.webp,https://media.learnwithcole.com/images/2026/alternate/tv/thumbs/julia-roberts.webp,https://media.learnwithcole.com/images/2026/alternate/tv/full/julia-roberts.webp,img-1769015927363-zyg471d,image,julia-roberts.jpg,scq-capture-studio,2026-01-21T17:18:47.363Z,img-1769015927363-zyg471d,007.zip,4:37
2026-alt-lia-kamina-johnson-smith,image,Kamina Johnson-Smith,Government Senator and Minister,Local and International Affairs,Local-Current-Government,,competition,alternate,2026,1,2,kamina-johnson-smith.webp,https://media.learnwithcole.com/images/2026/alternate/lia/full/kamina-johnson-smith.webp,https://media.learnwithcole.com/images/2026/alternate/lia/thumbs/kamina-johnson-smith.webp,c3f55c92b340f781ce3ec2a87683764a18cea7ab8de0c6b15bd8d8df5cb28b25,1200,675,34.87,-1,2,1,alternate,2026,,images/2026/alternate/lia,images/2026/alternate/lia/full/kamina-johnson-smith.webp,https://media.learnwithcole.com/images/2026/alternate/lia/full/kamina-johnson-smith.webp,../github-ready/images/2026/alternate/lia/full/kamina-johnson-smith.webp,../github-ready/images/2026/alternate/lia/thumbs/kamina-johnson-smith.webp,images/2026/alternate/lia/full/kamina-johnson-smith.webp,images/2026/alternate/lia/thumbs/kamina-johnson-smith.webp,https://media.learnwithcole.com/images/2026/alternate/lia/thumbs/kamina-johnson-smith.webp,https://media.learnwithcole.com/images/2026/alternate/lia/full/kamina-johnson-smith.webp,img-1768455268759-kzscteb,image,kamina-johnson-smith.jpg,scq-capture-studio,2026-01-15T05:34:28.759Z,img-1768455268759-kzscteb,002.zip,2:23
2026-alt-sport-kane-williamson,image,Kane Williamson,New Zealand Cricketer,Sports,Cricket-World-Current-Cricketer,,competition,alternate,2026,1,5,kane-williamson.webp,https://media.learnwithcole.com/images/2026/alternate/sport/full/kane-williamson.webp,https://media.learnwithcole.com/images/2026/alternate/sport/thumbs/kane-williamson.webp,caae6774607b5d6fd5a9b7c78508d3720d41a41e7c2912c6bea36be1c569ddfb,1200,675,39.21,-1,5,1,alternate,2026,,images/2026/alternate/sport,images/2026/alternate/sport/full/kane-williamson.webp,https://media.learnwithcole.com/images/2026/alternate/sport/full/kane-williamson.webp,../github-ready/images/2026/alternate/sport/full/kane-williamson.webp,../github-ready/images/2026/alternate/sport/thumbs/kane-williamson.webp,images/2026/alternate/sport/full/kane-williamson.webp,images/2026/alternate/sport/thumbs/kane-williamson.webp,https://media.learnwithcole.com/images/2026/alternate/sport/thumbs/kane-williamson.webp,https://media.learnwithcole.com/images/2026/alternate/sport/full/kane-williamson.webp,img-1768653951277-edr5qgi,image,kane-williamson.jpg,scq-capture-studio,2026-01-17T12:45:51.277Z,img-1768653951277-edr5qgi,005.zip,5:38
2026-alt-lia-kenneth-russell,image,Kenneth Russell,MP - St. Ann South East,Local and International Affairs,Local-Current-MP,,competition,alternate,2026,1,5,kenneth-russell.webp,https://media.learnwithcole.com/images/2026/alternate/lia/full/kenneth-russell.webp,https://media.learnwithcole.com/images/2026/alternate/lia/thumbs/kenneth-russell.webp,9b626b20f0f39588cb84445b5a42967fcb274164b23be5bb1b722d9ee1bee056,1200,675,29.96,-1,5,1,alternate,2026,,images/2026/alternate/lia,images/2026/alternate/lia/full/kenneth-russell.webp,https://media.learnwithcole.com/images/2026/alternate/lia/full/kenneth-russell.webp,../github-ready/images/2026/alternate/lia/full/kenneth-russell.webp,../github-ready/images/2026/alternate/lia/thumbs/kenneth-russell.webp,images/2026/alternate/lia/full/kenneth-russell.webp,images/2026/alternate/lia/thumbs/kenneth-russell.webp,https://media.learnwithcole.com/images/2026/alternate/lia/thumbs/kenneth-russell.webp,https://media.learnwithcole.com/images/2026/alternate/lia/full/kenneth-russell.webp,img-1768653424829-a9y6fj2,image,kenneth-russell.jpg,scq-capture-studio,2026-01-17T12:37:04.829Z,img-1768653424829-a9y6fj2,005.zip,2:36
2026-alt-tv-kevin-spacey,image,Kevin Spacey,American Actor,Theatre and Cinema,World-Current-Actor,,competition,alternate,2026,1,5,kevin-spacey.webp,https://media.learnwithcole.com/images/2026/alternate/tv/full/kevin-spacey.webp,https://media.learnwithcole.com/images/2026/alternate/tv/thumbs/kevin-spacey.webp,5faf77ae0c6866f7cd0337fc3a4f4bdc8191c2ff97f684bad586436f10eb8246,1200,675,30.37,-1,5,1,alternate,2026,,images/2026/alternate/tv,images/2026/alternate/tv/full/kevin-spacey.webp,https://media.learnwithcole.com/images/2026/alternate/tv/full/kevin-spacey.webp,../github-ready/images/2026/alternate/tv/full/kevin-spacey.webp,../github-ready/images/2026/alternate/tv/thumbs/kevin-spacey.webp,images/2026/alternate/tv/full/kevin-spacey.webp,images/2026/alternate/tv/thumbs/kevin-spacey.webp,https://media.learnwithcole.com/images/2026/alternate/tv/thumbs/kevin-spacey.webp,https://media.learnwithcole.com/images/2026/alternate/tv/full/kevin-spacey.webp,img-1768653745111-gx5rb4y,image,kevin-spacey.jpg,scq-capture-studio,2026-01-17T12:42:25.111Z,img-1768653745111-gx5rb4y,005.zip,4:42
2026-alt-tv-leonardo-dicaprio,image,Leonardo DiCaprio,American Actor,Theatre and Cinema,World-Current-Actor,,competition,alternate,2026,1,1,leonardo-dicaprio.webp,https://media.learnwithcole.com/images/2026/alternate/tv/full/leonardo-dicaprio.webp,https://media.learnwithcole.com/images/2026/alternate/tv/thumbs/leonardo-dicaprio.webp,92cad2000fc453934e2f0cbfdc257a9160494e98c66fbff9f6ea24f8c05ff07e,1200,675,30.24,-1,1,1,alternate,2026,,images/2026/alternate/tv,images/2026/alternate/tv/full/leonardo-dicaprio.webp,https://media.learnwithcole.com/images/2026/alternate/tv/full/leonardo-dicaprio.webp,../github-ready/images/2026/alternate/tv/full/leonardo-dicaprio.webp,../github-ready/images/2026/alternate/tv/thumbs/leonardo-dicaprio.webp,images/2026/alternate/tv/full/leonardo-dicaprio.webp,images/2026/alternate/tv/thumbs/leonardo-dicaprio.webp,https://media.learnwithcole.com/images/2026/alternate/tv/thumbs/leonardo-dicaprio.webp,https://media.learnwithcole.com/images/2026/alternate/tv/full/leonardo-dicaprio.webp,img-1768453811297-80rqhk2,image,leonardo-dicaprio.jpg,scq-capture-studio,2026-01-15T05:10:11.297Z,img-1768453811297-80rqhk2,001.zip,5:20
2026-bz-tv-lucille-ball,image,Lucille Ball,American Actress,Theatre and Cinema,World-Former-Actress,,competition,buzzer,2026,1,2,lucille-ball.webp,https://media.learnwithcole.com/images/2026/buzzer/tv/full/lucille-ball.webp,https://media.learnwithcole.com/images/2026/buzzer/tv/thumbs/lucille-ball.webp,cc394ff80f42765d3d4047e36dc41696ec8fdcc2035dd7fcf0b138b0c1c4b2c1,1200,675,38.4,-1,2,1,buzzer,2026,,images/2026/buzzer/tv,images/2026/buzzer/tv/full/lucille-ball.webp,https://media.learnwithcole.com/images/2026/buzzer/tv/full/lucille-ball.webp,../github-ready/images/2026/buzzer/tv/full/lucille-ball.webp,../github-ready/images/2026/buzzer/tv/thumbs/lucille-ball.webp,images/2026/buzzer/tv/full/lucille-ball.webp,images/2026/buzzer/tv/thumbs/lucille-ball.webp,https://media.learnwithcole.com/images/2026/buzzer/tv/thumbs/lucille-ball.webp,https://media.learnwithcole.com/images/2026/buzzer/tv/full/lucille-ball.webp,img-1768457726313-ksjwg6p,image,lucille-ball.jpg,scq-capture-studio,2026-01-15T06:15:26.313Z,img-1768457726313-ksjwg6p,002.zip,18:35
2026-alt-lia-major-general-antony-anderson,image,Major General Antony Anderson,Jamaican Ambassador to USA,Local and International Affairs,Local-Current-Ambassador,,competition,alternate,2026,1,7,major-general-antony-anderson.webp,https://media.learnwithcole.com/images/2026/alternate/lia/full/major-general-antony-anderson.webp,https://media.learnwithcole.com/images/2026/alternate/lia/thumbs/major-general-antony-anderson.webp,06d329b6dc7c2ea7ecf59664a71a9866bc0e0a01ecbcc91f09a3228c40059ef5,1200,675,23.63,-1,7,1,alternate,2026,,images/2026/alternate/lia,images/2026/alternate/lia/full/major-general-antony-anderson.webp,https://media.learnwithcole.com/images/2026/alternate/lia/full/major-general-antony-anderson.webp,../github-ready/images/2026/alternate/lia/full/major-general-antony-anderson.webp,../github-ready/images/2026/alternate/lia/thumbs/major-general-antony-anderson.webp,images/2026/alternate/lia/full/major-general-antony-anderson.webp,images/2026/alternate/lia/thumbs/major-general-antony-anderson.webp,https://media.learnwithcole.com/images/2026/alternate/lia/thumbs/major-general-antony-anderson.webp,https://media.learnwithcole.com/images/2026/alternate/lia/full/major-general-antony-anderson.webp,img-1769015688280-s04b1qn,image,major-general-antony-anderson.jpg,scq-capture-studio,2026-01-21T17:14:48.280Z,img-1769015688280-s04b1qn,007.zip,2:25
2026-alt-tv-mariska-hargitay,image,Mariska Hargitay,American Actress,Theatre and Cinema,World-Current-Actress,,competition,alternate,2026,1,3,mariska-hargitay.webp,https://media.learnwithcole.com/images/2026/alternate/tv/full/mariska-hargitay.webp,https://media.learnwithcole.com/images/2026/alternate/tv/thumbs/mariska-hargitay.webp,d9191351bb68e63f1f0caf557edae59f13348134f212d60dd0c5465b8feba2fa,1200,675,29.37,-1,3,1,alternate,2026,,images/2026/alternate/tv,images/2026/alternate/tv/full/mariska-hargitay.webp,https://media.learnwithcole.com/images/2026/alternate/tv/full/mariska-hargitay.webp,../github-ready/images/2026/alternate/tv/full/mariska-hargitay.webp,../github-ready/images/2026/alternate/tv/thumbs/mariska-hargitay.webp,images/2026/alternate/tv/full/mariska-hargitay.webp,images/2026/alternate/tv/thumbs/mariska-hargitay.webp,https://media.learnwithcole.com/images/2026/alternate/tv/thumbs/mariska-hargitay.webp,https://media.learnwithcole.com/images/2026/alternate/tv/full/mariska-hargitay.webp,img-1768458985360-2m7xqvq,image,mariska-hargitay.jpg,scq-capture-studio,2026-01-15T06:36:25.360Z,img-1768458985360-2m7xqvq,003.zip,5:05
2026-bz-lia-mark-carney,image,Mark Carney,PM - Canada,Local and International Affairs,World-Current-PM,,competition,buzzer,2026,1,5,mark-carney.webp,https://media.learnwithcole.com/images/2026/buzzer/lia/full/mark-carney.webp,https://media.learnwithcole.com/images/2026/buzzer/lia/thumbs/mark-carney.webp,d3bf2a47ce8ce81c2480126871708717530600c343580262b467091309b35143,1200,675,22.6,-1,5,1,buzzer,2026,,images/2026/buzzer/lia,images/2026/buzzer/lia/full/mark-carney.webp,https://media.learnwithcole.com/images/2026/buzzer/lia/full/mark-carney.webp,../github-ready/images/2026/buzzer/lia/full/mark-carney.webp,../github-ready/images/2026/buzzer/lia/thumbs/mark-carney.webp,images/2026/buzzer/lia/full/mark-carney.webp,images/2026/buzzer/lia/thumbs/mark-carney.webp,https://media.learnwithcole.com/images/2026/buzzer/lia/thumbs/mark-carney.webp,https://media.learnwithcole.com/images/2026/buzzer/lia/full/mark-carney.webp,img-1768654188834-phhnl60,image,mark-carney.jpg,scq-capture-studio,2026-01-17T12:49:48.834Z,img-1768654188834-phhnl60,005.zip,16:01
2026-bz-tv-marlon-brando,image,Marlon Brando,American Actor,Theatre and Cinema,World-Former-Actor,,competition,buzzer,2026,1,1,marlon-brando.webp,https://media.learnwithcole.com/images/2026/buzzer/tv/full/marlon-brando.webp,https://media.learnwithcole.com/images/2026/buzzer/tv/thumbs/marlon-brando.webp,95a7e1bf6b195fde8481625ab52f52df71c429f4c724d6b771ab2828550e3594,1200,675,35.0,-1,1,1,buzzer,2026,,images/2026/buzzer/tv,images/2026/buzzer/tv/full/marlon-brando.webp,https://media.learnwithcole.com/images/2026/buzzer/tv/full/marlon-brando.webp,../github-ready/images/2026/buzzer/tv/full/marlon-brando.webp,../github-ready/images/2026/buzzer/tv/thumbs/marlon-brando.webp,images/2026/buzzer/tv/full/marlon-brando.webp,images/2026/buzzer/tv/thumbs/marlon-brando.webp,https://media.learnwithcole.com/images/2026/buzzer/tv/thumbs/marlon-brando.webp,https://media.learnwithcole.com/images/2026/buzzer/tv/full/marlon-brando.webp,img-1768454703866-s1mujeq,image,marlon-brando.jpg,scq-capture-studio,2026-01-15T05:25:03.867Z,img-1768454703866-s1mujeq,001.zip,18:27
2026-alt-lia-mickel-jackson,image,Mickel Jackson,Executive Director - Jamaicans For Justice (JFJ),Local and International Affairs,Local-Current-Private,,competition,alternate,2026,1,6,mickel-jackson.webp,https://media.learnwithcole.com/images/2026/alternate/lia/full/mickel-jackson.webp,https://media.learnwithcole.com/images/2026/alternate/lia/thumbs/mickel-jackson.webp,b4d01f407f56400225304a16e8985b126d4dde084b8d038ed031601164cd3f59,1200,675,34.3,-1,6,1,alternate,2026,,images/2026/alternate/lia,images/2026/alternate/lia/full/mickel-jackson.webp,https://media.learnwithcole.com/images/2026/alternate/lia/full/mickel-jackson.webp,../github-ready/images/2026/alternate/lia/full/mickel-jackson.webp,../github-ready/images/2026/alternate/lia/thumbs/mickel-jackson.webp,images/2026/alternate/lia/full/mickel-jackson.webp,images/2026/alternate/lia/thumbs/mickel-jackson.webp,https://media.learnwithcole.com/images/2026/alternate/lia/thumbs/mickel-jackson.webp,https://media.learnwithcole.com/images/2026/alternate/lia/full/mickel-jackson.webp,img-1768655075396-kkfl8he,image,mickel-jackson.jpg,scq-capture-studio,2026-01-17T13:04:35.396Z,img-1768655075396-kkfl8he,006.zip,2:29
2026-alt-lia-mongolia,image,Mongolia,Flag of Mongolia,Local and International Affairs,World-Current-Flag,,competition,alternate,2026,1,4,mongolia.webp,https://media.learnwithcole.com/images/2026/alternate/lia/full/mongolia.webp,https://media.learnwithcole.com/images/2026/alternate/lia/thumbs/mongolia.webp,1e87a1244d56d4fb76308c871d3011b7675b6b1ed2698f041ad39d79b8550133,1114,548,17.31,-1,4,1,alternate,2026,,images/2026/alternate/lia,images/2026/alternate/lia/full/mongolia.webp,https://media.learnwithcole.com/images/2026/alternate/lia/full/mongolia.webp,../github-ready/images/2026/alternate/lia/full/mongolia.webp,../github-ready/images/2026/alternate/lia/thumbs/mongolia.webp,images/2026/alternate/lia/full/mongolia.webp,images/2026/alternate/lia/thumbs/mongolia.webp,https://media.learnwithcole.com/images/2026/alternate/lia/thumbs/mongolia.webp,https://media.learnwithcole.com/images/2026/alternate/lia/full/mongolia.webp,img-1768524127295-3sfje48,image,mongolia.jpg,scq-capture-studio,2026-01-16T00:42:07.295Z,img-1768524127295-3sfje48,004.zip,2:53
2026-alt-lia-omar-newell,image,Omar Newell,MP - St. Mary Central,Local and International Affairs,Local-Current-MP,,competition,alternate,2026,1,1,omar-newell.webp,https://media.learnwithcole.com/images/2026/alternate/lia/full/omar-newell.webp,https://media.learnwithcole.com/images/2026/alternate/lia/thumbs/omar-newell.webp,b1cf0c4229a7d0a5b69f457cb200a8e30c3907bb05f32fa361daa6ebb43c0cd8,1200,675,30.58,-1,1,1,alternate,2026,,images/2026/alternate/lia,images/2026/alternate/lia/full/omar-newell.webp,https://media.learnwithcole.com/images/2026/alternate/lia/full/omar-newell.webp,../github-ready/images/2026/alternate/lia/full/omar-newell.webp,../github-ready/images/2026/alternate/lia/thumbs/omar-newell.webp,images/2026/alternate/lia/full/omar-newell.webp,images/2026/alternate/lia/thumbs/omar-newell.webp,https://media.learnwithcole.com/images/2026/alternate/lia/thumbs/omar-newell.webp,https://media.learnwithcole.com/images/2026/alternate/lia/full/omar-newell.webp,img-1768453494499-scwpq24,image,omar-newell.jpg,scq-capture-studio,2026-01-15T05:04:54.499Z,img-1768453494499-scwpq24,001.zip,2:20
2026-bz-tv-paul-mescal,image,Paul Mescal,Irish Actor - Gladiator II,Theatre and Cinema,World-Current-Actor,,competition,buzzer,2026,1,3,paul-mescal.webp,https://media.learnwithcole.com/images/2026/buzzer/tv/full/paul-mescal.webp,https://media.learnwithcole.com/images/2026/buzzer/tv/thumbs/paul-mescal.webp,e68d522d557b9801da3c704cb2fb1f8690220018d2491a5e6e1199e5fb017ce7,1200,675,23.27,-1,3,1,buzzer,2026,,images/2026/buzzer/tv,images/2026/buzzer/tv/full/paul-mescal.webp,https://media.learnwithcole.com/images/2026/buzzer/tv/full/paul-mescal.webp,../github-ready/images/2026/buzzer/tv/full/paul-mescal.webp,../github-ready/images/2026/buzzer/tv/thumbs/paul-mescal.webp,images/2026/buzzer/tv/full/paul-mescal.webp,images/2026/buzzer/tv/thumbs/paul-mescal.webp,https://media.learnwithcole.com/images/2026/buzzer/tv/thumbs/paul-mescal.webp,https://media.learnwithcole.com/images/2026/buzzer/tv/full/paul-mescal.webp,img-1768459541090-nusgv5i,image,paul-mescal.jpg,scq-capture-studio,2026-01-15T06:45:41.090Z,img-1768459541090-nusgv5i,003.zip,18:24
2026-alt-tv-pierce-brosnan,image,Pierce Brosnan,Irish Actor - James Bond,Theatre and Cinema,World-Former-Actor,,competition,alternate,2026,1,2,pierce-brosnan.webp,https://media.learnwithcole.com/images/2026/alternate/tv/full/pierce-brosnan.webp,https://media.learnwithcole.com/images/2026/alternate/tv/thumbs/pierce-brosnan.webp,48480f6091d1529207f937629e121fd22e554bcc824207ffb8ecad89359464ab,1200,675,36.37,-1,2,1,alternate,2026,,images/2026/alternate/tv,images/2026/alternate/tv/full/pierce-brosnan.webp,https://media.learnwithcole.com/images/2026/alternate/tv/full/pierce-brosnan.webp,../github-ready/images/2026/alternate/tv/full/pierce-brosnan.webp,../github-ready/images/2026/alternate/tv/thumbs/pierce-brosnan.webp,images/2026/alternate/tv/full/pierce-brosnan.webp,images/2026/alternate/tv/thumbs/pierce-brosnan.webp,https://media.learnwithcole.com/images/2026/alternate/tv/thumbs/pierce-brosnan.webp,https://media.learnwithcole.com/images/2026/alternate/tv/full/pierce-brosnan.webp,img-1768455540410-hluqq7m,image,pierce-brosnan.jpg,scq-capture-studio,2026-01-15T05:39:00.410Z,img-1768455540410-hluqq7m,002.zip,4:30
2026-bz-tv-renate-reinsve,image,Renate Reinsve,Norwegian Actress,Theatre and Cinema,World-Current-Actress,,competition,buzzer,2026,1,7,renate-reinsve.webp,https://media.learnwithcole.com/images/2026/buzzer/tv/full/renate-reinsve.webp,https://media.learnwithcole.com/images/2026/buzzer/tv/thumbs/renate-reinsve.webp,904fbc2fd03b26fd060cb0fe02e09408e4a33f31a91368d941cd81b248d28139,1200,675,34.86,0,7,1,buzzer,2026,,images/2026/buzzer/tv,images/2026/buzzer/tv/full/renate-reinsve.webp,https://media.learnwithcole.com/images/2026/buzzer/tv/full/renate-reinsve.webp,../github-ready/images/2026/buzzer/tv/full/renate-reinsve.webp,../github-ready/images/2026/buzzer/tv/thumbs/renate-reinsve.webp,images/2026/buzzer/tv/full/renate-reinsve.webp,images/2026/buzzer/tv/thumbs/renate-reinsve.webp,https://media.learnwithcole.com/images/2026/buzzer/tv/thumbs/renate-reinsve.webp,https://media.learnwithcole.com/images/2026/buzzer/tv/full/renate-reinsve.webp,img-1769017619286-pgtf90u,image,renate-reinsve.jpg,scq-capture-studio,2026-01-21T17:46:59.287Z,img-1769017619286-pgtf90u,007.zip,18:47
2026-alt-tv-robert-duvall,image,Robert Duvall,American Actor,Theatre and Cinema,World-Former-Actor,,competition,alternate,2026,1,4,robert-duvall.webp,https://media.learnwithcole.com/images/2026/alternate/tv/full/robert-duvall.webp,https://media.learnwithcole.com/images/2026/alternate/tv/thumbs/robert-duvall.webp,8e8a07fce69da20797ac1868633e129287c7f1addb5b9beb633534daa6af7a75,1114,548,16.08,-1,4,1,alternate,2026,,images/2026/alternate/tv,images/2026/alternate/tv/full/robert-duvall.webp,https://media.learnwithcole.com/images/2026/alternate/tv/full/robert-duvall.webp,../github-ready/images/2026/alternate/tv/full/robert-duvall.webp,../github-ready/images/2026/alternate/tv/thumbs/robert-duvall.webp,images/2026/alternate/tv/full/robert-duvall.webp,images/2026/alternate/tv/thumbs/robert-duvall.webp,https://media.learnwithcole.com/images/2026/alternate/tv/thumbs/robert-duvall.webp,https://media.learnwithcole.com/images/2026/alternate/tv/full/robert-duvall.webp,img-1768524504227-gcn1vft,image,robert-duvall.jpg,scq-capture-studio,2026-01-16T00:48:24.227Z,img-1768524504227-gcn1vft,004.zip,5:01
2026-bz-sport-rocky-marciano,image,Rocky Marciano,American Professional Boxer,Sports,Boxing-World-Former-Player,,competition,buzzer,2026,1,5,rocky-marciano.webp,https://media.learnwithcole.com/images/2026/buzzer/sport/full/rocky-marciano.webp,https://media.learnwithcole.com/images/2026/buzzer/sport/thumbs/rocky-marciano.webp,fdc85fdd6493a8bafbdd1e7cb0169c50e032abea0601f34481a92609ac15ac8e,1200,675,30.15,-1,5,1,buzzer,2026,,images/2026/buzzer/sport,images/2026/buzzer/sport/full/rocky-marciano.webp,https://media.learnwithcole.com/images/2026/buzzer/sport/full/rocky-marciano.webp,../github-ready/images/2026/buzzer/sport/full/rocky-marciano.webp,../github-ready/images/2026/buzzer/sport/thumbs/rocky-marciano.webp,images/2026/buzzer/sport/full/rocky-marciano.webp,images/2026/buzzer/sport/thumbs/rocky-marciano.webp,https://media.learnwithcole.com/images/2026/buzzer/sport/thumbs/rocky-marciano.webp,https://media.learnwithcole.com/images/2026/buzzer/sport/full/rocky-marciano.webp,img-1768654482558-s70n5nj,image,rocky-marciano.jpg,scq-capture-studio,2026-01-17T12:54:42.558Z,img-1768654482558-s70n5nj,005.zip,18:23
2026-bz-lia-sean-duffy,image,Sean Duffy,United States Secretary of Transportation,Local and International Affairs,World-Current-Leader,,competition,buzzer,2026,1,1,sean-duffy.webp,https://media.learnwithcole.com/images/2026/buzzer/lia/full/sean-duffy.webp,https://media.learnwithcole.com/images/2026/buzzer/lia/thumbs/sean-duffy.webp,1536404dbea74429bb7fe517b27d346a15a329ffaad9d191035ed388af20f7ee,1200,675,27.87,-1,1,1,buzzer,2026,,images/2026/buzzer/lia,images/2026/buzzer/lia/full/sean-duffy.webp,https://media.learnwithcole.com/images/2026/buzzer/lia/full/sean-duffy.webp,../github-ready/images/2026/buzzer/lia/full/sean-duffy.webp,../github-ready/images/2026/buzzer/lia/thumbs/sean-duffy.webp,images/2026/buzzer/lia/full/sean-duffy.webp,images/2026/buzzer/lia/thumbs/sean-duffy.webp,https://media.learnwithcole.com/images/2026/buzzer/lia/thumbs/sean-duffy.webp,https://media.learnwithcole.com/images/2026/buzzer/lia/full/sean-duffy.webp,img-1768454580931-d4c4uar,image,sean-duffy.jpg,scq-capture-studio,2026-01-15T05:23:00.931Z,img-1768454580931-d4c4uar,001.zip,17:07
2026-bz-sport-shai-hope,image,Shai Hope,Barbadian Cricketer,Sports,Cricket-World-Current-Cricketer,,competition,buzzer,2026,1,1,shai-hope.webp,https://media.learnwithcole.com/images/2026/buzzer/sport/full/shai-hope.webp,https://media.learnwithcole.com/images/2026/buzzer/sport/thumbs/shai-hope.webp,d5c65b38ba1a916543cd15fa2278bb0400efd4ae8239654a932198a0b41c9273,1200,675,38.04,-1,1,1,buzzer,2026,,images/2026/buzzer/sport,images/2026/buzzer/sport/full/shai-hope.webp,https://media.learnwithcole.com/images/2026/buzzer/sport/full/shai-hope.webp,../github-ready/images/2026/buzzer/sport/full/shai-hope.webp,../github-ready/images/2026/buzzer/sport/thumbs/shai-hope.webp,images/2026/buzzer/sport/full/shai-hope.webp,images/2026/buzzer/sport/thumbs/shai-hope.webp,https://media.learnwithcole.com/images/2026/buzzer/sport/thumbs/shai-hope.webp,https://media.learnwithcole.com/images/2026/buzzer/sport/full/shai-hope.webp,img-1768454943997-6lk7si3,image,shai-hope.jpg,scq-capture-studio,2026-01-15T05:29:03.997Z,img-1768454943997-6lk7si3,001.zip,19:36
2026-bz-tv-sigourney-weaver,image,Sigourney Weaver,American Actress,Theatre and Cinema,World-Current-Actress,,competition,buzzer,2026,1,4,sigourney-weaver.webp,https://media.learnwithcole.com/images/2026/buzzer/tv/full/sigourney-weaver.webp,https://media.learnwithcole.com/images/2026/buzzer/tv/thumbs/sigourney-weaver.webp,56dbf83c5abca5d46e0b0b1cc1b1360f2e7f1032bbb804aa064ae64ddffe36a4,1114,548,19.35,-1,4,1,buzzer,2026,,images/2026/buzzer/tv,images/2026/buzzer/tv/full/sigourney-weaver.webp,https://media.learnwithcole.com/images/2026/buzzer/tv/full/sigourney-weaver.webp,../github-ready/images/2026/buzzer/tv/full/sigourney-weaver.webp,../github-ready/images/2026/buzzer/tv/thumbs/sigourney-weaver.webp,images/2026/buzzer/tv/full/sigourney-weaver.webp,images/2026/buzzer/tv/thumbs/sigourney-weaver.webp,https://media.learnwithcole.com/images/2026/buzzer/tv/thumbs/sigourney-weaver.webp,https://media.learnwithcole.com/images/2026/buzzer/tv/full/sigourney-weaver.webp,img-1768525220111-lyvh8ax,image,sigourney-weaver.jpg,scq-capture-studio,2026-01-16T01:00:20.111Z,img-1768525220111-lyvh8ax,004.zip,19:29
2026-alt-tv-tessa-thompson,image,Tessa Thompson,American Actress,Theatre and Cinema,World-Current-Actress,,competition,alternate,2026,1,6,tessa-thompson.webp,https://media.learnwithcole.com/images/2026/alternate/tv/full/tessa-thompson.webp,https://media.learnwithcole.com/images/2026/alternate/tv/thumbs/tessa-thompson.webp,ff211f32b8773f45e59a81d2a8a3a2610795dc7a137c9a4597a7d9b5c2c2593f,1200,675,34.26,-1,6,1,alternate,2026,,images/2026/alternate/tv,images/2026/alternate/tv/full/tessa-thompson.webp,https://media.learnwithcole.com/images/2026/alternate/tv/full/tessa-thompson.webp,../github-ready/images/2026/alternate/tv/full/tessa-thompson.webp,../github-ready/images/2026/alternate/tv/thumbs/tessa-thompson.webp,images/2026/alternate/tv/full/tessa-thompson.webp,images/2026/alternate/tv/thumbs/tessa-thompson.webp,https://media.learnwithcole.com/images/2026/alternate/tv/thumbs/tessa-thompson.webp,https://media.learnwithcole.com/images/2026/alternate/tv/full/tessa-thompson.webp,img-1768655674068-d8vj3ng,image,tessa-thompson.jpg,scq-capture-studio,2026-01-17T13:14:34.068Z,img-1768655674068-d8vj3ng,006.zip,4:06
2026-bz-sport-tevin-imlach,image,Tevin Imlach,Guyanese Cricketer,Sports,Cricket-World-Current-Player,,competition,buzzer,2026,1,2,tevin-imlach.webp,https://media.learnwithcole.com/images/2026/buzzer/sport/full/tevin-imlach.webp,https://media.learnwithcole.com/images/2026/buzzer/sport/thumbs/tevin-imlach.webp,e068fbe23f682229fa7606c7fab7230621a8aa047d7026f46f690b0f762d30b8,1200,675,30.67,-1,2,1,buzzer,2026,,images/2026/buzzer/sport,images/2026/buzzer/sport/full/tevin-imlach.webp,https://media.learnwithcole.com/images/2026/buzzer/sport/full/tevin-imlach.webp,../github-ready/images/2026/buzzer/sport/full/tevin-imlach.webp,../github-ready/images/2026/buzzer/sport/thumbs/tevin-imlach.webp,images/2026/buzzer/sport/full/tevin-imlach.webp,images/2026/buzzer/sport/thumbs/tevin-imlach.webp,https://media.learnwithcole.com/images/2026/buzzer/sport/thumbs/tevin-imlach.webp,https://media.learnwithcole.com/images/2026/buzzer/sport/full/tevin-imlach.webp,img-1768458094072-0ywgk9b,image,tevin-imlach.jpg,scq-capture-studio,2026-01-15T06:21:34.072Z,img-1768458094072-0ywgk9b,002.zip,19:54
2026-bz-sport-thierry-henry,image,Thierry Henry,French Former Footballer,Sports,Football-World-Former-Player,,competition,buzzer,2026,1,7,thierry-henry.webp,https://media.learnwithcole.com/images/2026/buzzer/sport/full/thierry-henry.webp,https://media.learnwithcole.com/images/2026/buzzer/sport/thumbs/thierry-henry.webp,b568734ce5bf15557d421639307e92b3053b345ea6d20e12b3c9dd04c4c6d0b7,1200,675,34.57,1,7,1,buzzer,2026,,images/2026/buzzer/sport,images/2026/buzzer/sport/full/thierry-henry.webp,https://media.learnwithcole.com/images/2026/buzzer/sport/full/thierry-henry.webp,../github-ready/images/2026/buzzer/sport/full/thierry-henry.webp,../github-ready/images/2026/buzzer/sport/thumbs/thierry-henry.webp,images/2026/buzzer/sport/full/thierry-henry.webp,images/2026/buzzer/sport/thumbs/thierry-henry.webp,https://media.learnwithcole.com/images/2026/buzzer/sport/thumbs/thierry-henry.webp,https://media.learnwithcole.com/images/2026/buzzer/sport/full/thierry-henry.webp,img-1769017819050-vcdf12o,image,thierry-henry.jpg,scq-capture-studio,2026-01-21T17:50:19.050Z,img-1769017819050-vcdf12o,007.zip,19:58
2026-alt-sport-travis-head,image,Travis Head,Australian Cricketer,Sports,Cricket-World-Current-Player,,competition,alternate,2026,1,6,travis-head.webp,https://media.learnwithcole.com/images/2026/alternate/sport/full/travis-head.webp,https://media.learnwithcole.com/images/2026/alternate/sport/thumbs/travis-head.webp,e25793aff3bc449190a68ffc0eca1aaa51b03118857abe6fbeba55e672123bbb,1200,675,42.85,-1,6,1,alternate,2026,,images/2026/alternate/sport,images/2026/alternate/sport/full/travis-head.webp,https://media.learnwithcole.com/images/2026/alternate/sport/full/travis-head.webp,../github-ready/images/2026/alternate/sport/full/travis-head.webp,../github-ready/images/2026/alternate/sport/thumbs/travis-head.webp,images/2026/alternate/sport/full/travis-head.webp,images/2026/alternate/sport/thumbs/travis-head.webp,https://media.learnwithcole.com/images/2026/alternate/sport/thumbs/travis-head.webp,https://media.learnwithcole.com/images/2026/alternate/sport/full/travis-head.webp,img-1768655888970-ucsrgy5,image,travis-head.jpg,scq-capture-studio,2026-01-17T13:18:08.970Z,img-1768655888970-ucsrgy5,006.zip,4:46
